Age,Occupation,Where do you live ?,How much time do you approximately spend on OTT platforms daily ?,How much time do you approximately spend on TV  daily ?,"Rate the following OTT platforms according to your preference.(1= least preferred,5=Most preferred) [Amazon Prime]","Rate the following OTT platforms according to your preference.(1= least preferred,5=Most preferred) [Netflix]","Rate the following OTT platforms according to your preference.(1= least preferred,5=Most preferred) [Disney + Hotstar]","Rate the following OTT platforms according to your preference.(1= least preferred,5=Most preferred) [Voot ]","Rate the following OTT platforms according to your preference.(1= least preferred,5=Most preferred) [YouTube]",Which OTT platform do you prefer other than the above specified ?,Which television provider do you prefer the most ?,Have you started watching OTT more due to lockdown ?,Are OTT platforms more convenient than TV ?,How much do you pay for OTT platforms on monthly basis ?,How much do you pay for TV on monthly basis ?,What would you prefer to watch and does it affect your studies/work ?
11-20,Student,Central,3-5 hrs,Don't watch,Don't Watch,Don't Watch,Don't Watch,1,5,,Don't watch,Yes,Yes,,,I prefer OTT and it affects.
11-20,Student,Central,1-3 hrs,1-3 hrs,5,Don't Watch,Don't Watch,Don't Watch,5,,"Dish TV(Tata aky, Airtel, etc)",No,Yes,129,500,I prefer OTT but it doesn't affect.
11-20,Student,Central,1-3 hrs,Don't watch,4,5,3,1,2,Nothing. ,Don't watch,No,Yes,500,0,I prefer OTT but it doesn't affect.
11-20,Student,Central,3-5 hrs,Don't watch,4,4,3,3,4,,Don't watch,Yes,Yes,,,I prefer OTT and it affects.
11-20,Student,Central,1-3 hrs,Don't watch,3,5,3,4,5,,"Dish TV(Tata aky, Airtel, etc)",No,Yes,500,1000 I think,I prefer OTT but it doesn't affect.
11-20,Student,Central,1-3 hrs,1-3 hrs,4,5,4,Don't Watch,3,,Local cable,Yes,Yes,300,350,I prefer OTT and it affects.
11-20,Student,Central,1-3 hrs,Don't watch,3,3,3,2,3,,Don't watch,Yes,Yes,,,I prefer OTT and it affects.
11-20,Student,Central,5-7 hrs,1-3 hrs,1,5,2,2,4,,,,,,,
11-20,Student,Harbour,1-3 hrs,1-3 hrs,4,5,3,Don't Watch,4,,,,,,,
11-20,Student,Central,More than 9 hrs,More than 9 hrs,5,5,Don't Watch,Don't Watch,5,,,,,,,
11-20,Student,Central,3-5 hrs,Don't watch,3,5,3,Don't Watch,5,,Don't watch,Yes,Yes,,,I prefer OTT but it doesn't affect.
21-30,Full time working,Central,Don't watch,1-3 hrs,Don't Watch,Don't Watch,2,Don't Watch,4,,,,,,,
Above 50,Retired,Central,1-3 hrs,1-3 hrs,Don't Watch,Don't Watch,2,Don't Watch,Don't Watch,Hotstar,Local cable,Yes,Yes,200 approx,450-500,I prefer OTT but it doesn't affect.
11-20,Student,Central,1-3 hrs,1-3 hrs,2,1,1,Don't Watch,5,YouTube,Local cable,Yes,Yes,199,350,I prefer OTT and it affects.
11-20,Student,Western,1-3 hrs,1-3 hrs,4,4,Don't Watch,4,5,,Local cable,No,Yes,,560,I prefer OTT and it affects.
11-20,Student,Western,1-3 hrs,Don't watch,4,4,Don't Watch,Don't Watch,5,,Don't watch,Yes,Yes,,,I prefer OTT and it affects.
11-20,Student,Central,1-3 hrs,3-5 hrs,4,5,2,Don't Watch,5,,Local cable,Yes,No,,400,I prefer TV but it doesn't affect.
11-20,Student,Central,1-3 hrs,1-3 hrs,3,3,Don't Watch,Don't Watch,3,,"Dish TV(Tata aky, Airtel, etc)",Yes,Yes,200,150,I prefer OTT and it affects.
11-20,Student,Central,Don't watch,1-3 hrs,Don't Watch,Don't Watch,1,Don't Watch,3,None,"Dish TV(Tata aky, Airtel, etc)",No,No,None,400,I prefer TV but it doesn't affect.
11-20,Student,Central,1-3 hrs,1-3 hrs,1,1,4,Don't Watch,5,,"Dish TV(Tata aky, Airtel, etc)",No,Yes,,,I prefer TV but it doesn't affect.
21-30,Student,Central,3-5 hrs,1-3 hrs,Don't Watch,Don't Watch,Don't Watch,Don't Watch,5,,Local cable,Yes,Yes,No pay,,I prefer OTT but it doesn't affect.
Above 50,Retired,Central,Don't watch,1-3 hrs,Don't Watch,Don't Watch,Don't Watch,Don't Watch,1,,Local cable,No,No,,,I prefer TV but it doesn't affect.
11-20,Student,Central,1-3 hrs,1-3 hrs,2,5,Don't Watch,Don't Watch,5,Rakuten viki,Local cable,Yes,Yes,,,I prefer OTT and it affects.
11-20,Student,Central,1-3 hrs,Don't watch,2,3,3,2,5,,Local cable,Yes,Yes,,,I prefer OTT but it doesn't affect.
11-20,Student,Central,1-3 hrs,Don't watch,3,4,4,1,5,,Don't watch,No,Yes,,,I prefer OTT but it doesn't affect.
11-20,Student,Central,1-3 hrs,1-3 hrs,Don't Watch,Don't Watch,Don't Watch,Don't Watch,1,,Local cable,No,No,Not much,Monthly basis,I prefer OTT and it affects.
41-50,Full time working,Central,Don't watch,1-3 hrs,Don't Watch,Don't Watch,Don't Watch,Don't Watch,4,,Local cable,No,No,,,I prefer TV and it affects.
11-20,Student,Central,3-5 hrs,Don't watch,Don't Watch,Don't Watch,Don't Watch,Don't Watch,5,"Rakuten viki, wetv, dramacool","Dish TV(Tata aky, Airtel, etc)",No,Yes,,,I prefer OTT and it affects.
11-20,Student,Central,Don't watch,Don't watch,Don't Watch,Don't Watch,Don't Watch,Don't Watch,4,Youtube,Don't watch,No,No,0,0,I prefer OTT but it doesn't affect.
Above 50,Retired,Central,1-3 hrs,1-3 hrs,Don't Watch,Don't Watch,Don't Watch,Don't Watch,2,,Local cable,Yes,No,nothing ,750,I prefer TV but it doesn't affect.
11-20,Student,Western,1-3 hrs,Don't watch,3,3,3,5,5,Utube ,"Dish TV(Tata aky, Airtel, etc)",Yes,Yes,,,I prefer TV and it affects.
11-20,Student,Central,1-3 hrs,Don't watch,3,5,2,Don't Watch,3,,Don't watch,No,Yes,999,500,I prefer OTT but it doesn't affect.
11-20,Student,Central,1-3 hrs,1-3 hrs,Don't Watch,1,2,3,4,,"Dish TV(Tata aky, Airtel, etc)",Yes,,,,I prefer OTT and it affects.
21-30,Full time working,Western,1-3 hrs,Don't watch,1,4,3,Don't Watch,5,,Don't watch,No,Yes,200,,I prefer OTT but it doesn't affect.
11-20,Student,Central,Don't watch,Don't watch,4,4,3,3,4,No other platform,Don't watch,Yes,Yes,0,333,I prefer OTT and it affects.
41-50,Full time working,Central,1-3 hrs,1-3 hrs,4,4,2,Don't Watch,5,,Local cable,Yes,Yes,0,450,I prefer TV and it affects.
11-20,Student,Central,5-7 hrs,1-3 hrs,3,4,Don't Watch,Don't Watch,4,Don't watch any other. ,"Dish TV(Tata aky, Airtel, etc)",Yes,Yes,I don't know because i don't pay for it. ,Upto 400₹,I prefer OTT and it affects.
11-20,Student,Central,1-3 hrs,1-3 hrs,Don't Watch,Don't Watch,3,Don't Watch,5,,Local cable,Yes,Yes,,400,I prefer OTT and it affects.
11-20,Student,Western,3-5 hrs,1-3 hrs,Don't Watch,Don't Watch,Don't Watch,Don't Watch,3,,Local cable,Yes,Yes,200,150,I prefer OTT but it doesn't affect.
11-20,Student,Central,1-3 hrs,1-3 hrs,5,5,2,Don't Watch,5,Netflix,"Dish TV(Tata aky, Airtel, etc)",No,Yes,199,300,I prefer OTT but it doesn't affect.
21-30,Full time working,Central,1-3 hrs,1-3 hrs,Don't Watch,Don't Watch,Don't Watch,Don't Watch,5,,Local cable,No,Yes,,380Rs,I prefer OTT and it affects.
21-30,Student,Central,1-3 hrs,Don't watch,3,4,4,Don't Watch,4,,Local cable,No,Yes,,,I prefer OTT but it doesn't affect.
11-20,Student,Central,3-5 hrs,5-7 hrs,Don't Watch,Don't Watch,5,5,5,,"Dish TV(Tata aky, Airtel, etc)",Yes,No,,400 to 500,I prefer OTT and it affects.
11-20,Student,Central,1-3 hrs,1-3 hrs,Don't Watch,Don't Watch,Don't Watch,1,4,,Local cable,No,,,,I prefer TV but it doesn't affect.
11-20,Student,Central,1-3 hrs,1-3 hrs,2,2,Don't Watch,Don't Watch,3,,Local cable,Yes,,,,I prefer OTT and it affects.
31-40,Full time working,Harbour,1-3 hrs,Don't watch,4,4,Don't Watch,Don't Watch,5,Airtel X,Don't watch,No,Yes,400,Nil,I prefer OTT but it doesn't affect.
Above 50,Full time working,Western,1-3 hrs,Don't watch,Don't Watch,Don't Watch,3,Don't Watch,4,,Don't watch,No,Yes,,,I prefer OTT but it doesn't affect.
21-30,Student,Harbour,3-5 hrs,Don't watch,4,4,1,1,5,None,Don't watch,Yes,Yes,My friends pay for it and give access to me,0,I prefer OTT and it affects.
11-20,Student,Western,Don't watch,Don't watch,3,5,2,Don't Watch,5,None,Local cable,No,Yes,300,350,I prefer TV but it doesn't affect.
Above 50,Full time working,Central,1-3 hrs,1-3 hrs,5,1,5,3,5,,"Dish TV(Tata aky, Airtel, etc)",Yes,Yes,,,I prefer OTT but it doesn't affect.
11-20,Student,Central,1-3 hrs,1-3 hrs,4,5,4,4,5,,Local cable,Yes,Yes,,,I prefer OTT and it affects.
21-30,Full time working,Central,1-3 hrs,1-3 hrs,3,3,2,2,5,,Local cable,No,No,,,I prefer TV but it doesn't affect.
11-20,Student,Harbour,1-3 hrs,1-3 hrs,4,5,Don't Watch,Don't Watch,5,,"Dish TV(Tata aky, Airtel, etc)",Yes,Yes,500,200,I prefer OTT but it doesn't affect.
41-50,Full time working,Harbour,5-7 hrs,Don't watch,3,Don't Watch,2,Don't Watch,2,"Zee 5, sony liv",Don't watch,No,Yes,200,0,I prefer OTT and it affects.
11-20,Student,Central,Don't watch,Don't watch,Don't Watch,Don't Watch,Don't Watch,Don't Watch,5,No one,Don't watch,No,Yes,No pay,No pay,I prefer TV but it doesn't affect.
31-40,Full time working,Western,Don't watch,1-3 hrs,2,Don't Watch,2,Don't Watch,2,None,"Dish TV(Tata aky, Airtel, etc)",No,No,300,600,I prefer TV but it doesn't affect.
21-30,Full time working,Harbour,1-3 hrs,1-3 hrs,Don't Watch,Don't Watch,2,Don't Watch,1,No,"Dish TV(Tata aky, Airtel, etc)",No,Yes,50-100,300,I prefer OTT but it doesn't affect.
31-40,Full time working,Central,1-3 hrs,1-3 hrs,2,2,Don't Watch,Don't Watch,5,,Local cable,Yes,Yes,100,400,I prefer OTT but it doesn't affect.
31-40,Full time working,Central,1-3 hrs,Don't watch,5,4,4,5,5,MX Player,Local cable,Yes,Yes,Around 100 rupees per month ,400,I prefer OTT but it doesn't affect.
21-30,Full time working,Central,Don't watch,1-3 hrs,4,4,4,4,5,,"Dish TV(Tata aky, Airtel, etc)",No,Yes,,INR 600,I prefer TV but it doesn't affect.
21-30,Student,Western,1-3 hrs,Don't watch,4,5,2,1,3,,Don't watch,Yes,Yes,250ish,,I prefer OTT and it affects.
21-30,Part time working,Western,1-3 hrs,Don't watch,1,2,2,Don't Watch,1,,Don't watch,Yes,Yes,,,I prefer OTT but it doesn't affect.
31-40,Full time working,Harbour,1-3 hrs,1-3 hrs,Don't Watch,Don't Watch,4,Don't Watch,4,Nothing,"Dish TV(Tata aky, Airtel, etc)",Yes,No,Its 200 INR along with Jio recharge ,300 INR,I prefer TV but it doesn't affect.
41-50,Full time working,Central,Don't watch,1-3 hrs,Don't Watch,Don't Watch,Don't Watch,Don't Watch,Don't Watch,,Local cable,No,No,,₹400/-,I prefer TV and it affects.
Above 50,Full time working,Central,1-3 hrs,1-3 hrs,4,4,3,Don't Watch,4,YouTube,"Dish TV(Tata aky, Airtel, etc)",Yes,Yes,300,300,I prefer TV but it doesn't affect.
21-30,Student,Central,1-3 hrs,1-3 hrs,3,4,3,4,5,No other platform,Local cable,Yes,No,I do not pay,300,I prefer TV but it doesn't affect.
11-20,Student,Central,1-3 hrs,Don't watch,Don't Watch,Don't Watch,5,Don't Watch,5,,"Dish TV(Tata aky, Airtel, etc)",No,Yes,,,I prefer OTT but it doesn't affect.
31-40,Full time working,Central,1-3 hrs,Don't watch,Don't Watch,Don't Watch,Don't Watch,Don't Watch,3,YouTube,Don't watch,Yes,Yes,0,0,I prefer OTT but it doesn't affect.
11-20,Student,Central,1-3 hrs,Don't watch,1,Don't Watch,1,Don't Watch,5,YouTube,Local cable,Yes,Yes,500,500,I prefer OTT but it doesn't affect.
11-20,Student,Western,1-3 hrs,1-3 hrs,Don't Watch,Don't Watch,5,Don't Watch,1,,"Dish TV(Tata aky, Airtel, etc)",Yes,No,,,I prefer OTT but it doesn't affect.
11-20,Student,Central,3-5 hrs,1-3 hrs,5,4,1,Don't Watch,1,,"Dish TV(Tata aky, Airtel, etc)",Yes,Yes,199,370,I prefer OTT but it doesn't affect.
11-20,Student,Harbour,1-3 hrs,1-3 hrs,Don't Watch,Don't Watch,Don't Watch,Don't Watch,4,Hotstar,"Dish TV(Tata aky, Airtel, etc)",Yes,Yes,Nil,520,I prefer OTT but it doesn't affect.
11-20,Student,Harbour,1-3 hrs,Don't watch,4,5,2,Don't Watch,5,"4anime.to, gogoanime","Dish TV(Tata aky, Airtel, etc)",Yes,Yes,"Nothing, All Dealers give me. ",Zero,I prefer OTT but it doesn't affect.
31-40,Full time working,Central,1-3 hrs,1-3 hrs,3,2,1,3,1,,Local cable,Yes,Yes,1000/-,1000/-,I prefer OTT and it affects.
21-30,Full time working,Central,1-3 hrs,Don't watch,4,5,2,Don't Watch,5,,Don't watch,Yes,Yes,₹500,,I prefer OTT but it doesn't affect.
11-20,Student,Central,1-3 hrs,1-3 hrs,2,3,Don't Watch,2,2,,Local cable,Yes,Yes,,,I prefer OTT and it affects.
11-20,Student,Central,1-3 hrs,1-3 hrs,1,3,3,Don't Watch,4,,Local cable,Yes,Yes,Depends,700,I prefer OTT but it doesn't affect.
31-40,Full time working,Western,3-5 hrs,1-3 hrs,5,5,4,4,3,Zee5,"Dish TV(Tata aky, Airtel, etc)",No,Yes,Approx 500,650,I prefer OTT but it doesn't affect.
31-40,Full time working,Western,1-3 hrs,Don't watch,3,4,5,2,4,Sony Liv (for football),Don't watch,Yes,Yes,600,,I prefer OTT and it affects.
11-20,Student,Central,3-5 hrs,Don't watch,5,1,Don't Watch,Don't Watch,5,Discovery + or curiosity.,Local cable,Yes,Yes,"Around 1,300",600,I prefer OTT and it affects.
31-40,Full time working,Central,Don't watch,1-3 hrs,3,Don't Watch,Don't Watch,Don't Watch,2,MX player,Local cable,Yes,Yes,100,300,I prefer TV but it doesn't affect.
11-20,Student,Central,1-3 hrs,3-5 hrs,1,1,1,Don't Watch,3,Yes,"Dish TV(Tata aky, Airtel, etc)",Yes,Yes,600,500,I prefer OTT and it affects.
21-30,Part time working,Central,3-5 hrs,1-3 hrs,5,4,Don't Watch,Don't Watch,5,Hack version mod APK,Local cable,Yes,Yes,300,350,I prefer OTT and it affects.
11-20,Student,Central,1-3 hrs,1-3 hrs,Don't Watch,5,1,3,5,None,"Dish TV(Tata aky, Airtel, etc)",Yes,Yes,199,Dont know ,I prefer OTT and it affects.
11-20,Student,Central,Don't watch,Don't watch,Don't Watch,Don't Watch,Don't Watch,Don't Watch,3,,Don't watch,Yes,Yes,0,0,I prefer OTT but it doesn't affect.
11-20,Student,Western,Don't watch,1-3 hrs,Don't Watch,Don't Watch,1,Don't Watch,3,Jio tv,Don't watch,No,Yes,Nothing,Nothing,I prefer OTT but it doesn't affect.
11-20,Student,Harbour,3-5 hrs,Don't watch,2,3,2,2,3,,Local cable,Yes,Yes,,,I prefer OTT and it affects.
11-20,Student,Western,1-3 hrs,1-3 hrs,Don't Watch,4,3,Don't Watch,5,,"Dish TV(Tata aky, Airtel, etc)",Yes,Yes,,500,I prefer OTT but it doesn't affect.
21-30,Housewife,Harbour,3-5 hrs,3-5 hrs,Don't Watch,Don't Watch,2,Don't Watch,5,Facebook,"Dish TV(Tata aky, Airtel, etc)",No,Yes,200 INR,400 INR,I prefer TV but it doesn't affect.
31-40,Full time working,Central,Don't watch,1-3 hrs,Don't Watch,Don't Watch,Don't Watch,1,5,NIL,"Dish TV(Tata aky, Airtel, etc)",No,No,Nil,255,I prefer TV but it doesn't affect.
41-50,Full time working,Central,Don't watch,1-3 hrs,Don't Watch,Don't Watch,Don't Watch,Don't Watch,Don't Watch,-,"Dish TV(Tata aky, Airtel, etc)",No,No,-,200,I prefer TV but it doesn't affect.
31-40,Full time working,Central,1-3 hrs,1-3 hrs,2,Don't Watch,4,Don't Watch,5,,"Dish TV(Tata aky, Airtel, etc)",Yes,Yes,,,I prefer TV but it doesn't affect.
31-40,Full time working,Western,1-3 hrs,1-3 hrs,2,3,Don't Watch,Don't Watch,5,none,Local cable,Yes,Yes,150 rs,400,I prefer OTT but it doesn't affect.
21-30,Student,Central,1-3 hrs,Don't watch,4,4,4,3,5,YouTube,Local cable,No,Yes,100,400,I prefer OTT but it doesn't affect.
11-20,Student,Harbour,1-3 hrs,1-3 hrs,Don't Watch,Don't Watch,Don't Watch,Don't Watch,1,No one,Local cable,No,Yes,150,300,I prefer TV but it doesn't affect.
31-40,Full time working,Central,5-7 hrs,5-7 hrs,5,Don't Watch,5,Don't Watch,5,,Don't watch,Yes,Yes,200,0,I prefer OTT but it doesn't affect.
11-20,Student,Central,1-3 hrs,Don't watch,Don't Watch,Don't Watch,Don't Watch,Don't Watch,3,,Don't watch,No,Yes,199,0,I prefer OTT but it doesn't affect.
11-20,Student,Central,3-5 hrs,1-3 hrs,3,4,2,2,2,,"Dish TV(Tata aky, Airtel, etc)",Yes,Yes,,,I prefer OTT but it doesn't affect.
31-40,Full time working,Central,1-3 hrs,Don't watch,3,4,3,Don't Watch,4,NA,Don't watch,No,Yes,200,0,I prefer OTT but it doesn't affect.
11-20,Student,Central,3-5 hrs,1-3 hrs,4,2,5,5,5,Zee5,"Dish TV(Tata aky, Airtel, etc)",Yes,Yes,Pay on yearly basis,Pay on yearly basis,I prefer OTT but it doesn't affect.
11-20,Student,Central,1-3 hrs,5-7 hrs,Don't Watch,Don't Watch,4,5,4,Zee5,Local cable,Yes,Yes,550,350,I prefer OTT and it affects.
11-20,Student,Central,1-3 hrs,1-3 hrs,4,4,4,4,5,YouTube,Local cable,Yes,Yes,,500,I prefer TV and it affects.
11-20,Student,Central,1-3 hrs,1-3 hrs,4,5,4,2,5,Nothing else,"Dish TV(Tata aky, Airtel, etc)",No,Yes,Telegram Jindabad,300,I prefer TV but it doesn't affect.
Above 50,Retired,Central,Don't watch,5-7 hrs,Don't Watch,Don't Watch,Don't Watch,Don't Watch,Don't Watch,,Local cable,No,No,,288,I prefer TV but it doesn't affect.
11-20,Student,Harbour,1-3 hrs,Don't watch,Don't Watch,Don't Watch,5,Don't Watch,3,,Don't watch,Yes,Yes,,,I prefer OTT but it doesn't affect.
11-20,Student,Harbour,1-3 hrs,1-3 hrs,5,5,5,5,3,Sunnxt and Manorama max,"Dish TV(Tata aky, Airtel, etc)",No,Yes,1000,0,I prefer OTT but it doesn't affect.
11-20,Student,Central,1-3 hrs,1-3 hrs,3,4,4,Don't Watch,4,,Local cable,Yes,Yes,₹300-400 approx,Don’t know,I prefer OTT and it affects.
11-20,Student,Central,1-3 hrs,1-3 hrs,5,1,4,Don't Watch,5,,"Dish TV(Tata aky, Airtel, etc)",Yes,Yes,,,I prefer OTT but it doesn't affect.
21-30,Full time working,Central,1-3 hrs,1-3 hrs,4,4,2,1,4,Jio Cinema,Local cable,No,Yes,200,400,I prefer OTT but it doesn't affect.
11-20,Student,Central,1-3 hrs,1-3 hrs,3,3,3,3,3,YouTube,Local cable,Yes,Yes,300,Dont know,I prefer OTT and it affects.
11-20,Student,Central,1-3 hrs,Don't watch,5,Don't Watch,5,Don't Watch,5,zee cinema,Local cable,Yes,Yes,0,400,I prefer OTT and it affects.
11-20,Student,Central,1-3 hrs,1-3 hrs,4,5,2,Don't Watch,3,Hotstar,Local cable,Yes,Yes,200,350,I prefer OTT and it affects.
31-40,Housewife,Central,1-3 hrs,1-3 hrs,1,1,5,5,5,Good ,Local cable,Yes,Yes,,,I prefer TV but it doesn't affect.
31-40,Full time working,Central,3-5 hrs,1-3 hrs,3,Don't Watch,2,1,3,Zee,Local cable,No,Yes,600,,I prefer OTT and it affects.
21-30,Full time working,Harbour,1-3 hrs,Don't watch,1,1,1,Don't Watch,2,,Don't watch,No,Yes,199,0,I prefer OTT but it doesn't affect.
21-30,Full time working,Central,1-3 hrs,1-3 hrs,Don't Watch,3,Don't Watch,Don't Watch,3,,Local cable,No,Yes,600,540,I prefer OTT but it doesn't affect.
31-40,Full time working,Western,1-3 hrs,1-3 hrs,5,Don't Watch,5,5,5,,"Dish TV(Tata aky, Airtel, etc)",No,,,,I prefer OTT but it doesn't affect.
11-20,Student,Central,1-3 hrs,1-3 hrs,5,5,4,4,5,No other,"Dish TV(Tata aky, Airtel, etc)",Yes,Yes,I don't know,I don't know,I prefer OTT and it affects.
41-50,Full time working,Western,Don't watch,Don't watch,3,4,4,2,5,,Don't watch,No,Yes,,,I prefer TV but it doesn't affect.
11-20,Student,Central,1-3 hrs,Don't watch,Don't Watch,1,Don't Watch,Don't Watch,5,I don't know,"Dish TV(Tata aky, Airtel, etc)",No,No,Not paying,399/-,I prefer TV and it affects.
31-40,Full time working,Central,1-3 hrs,1-3 hrs,Don't Watch,Don't Watch,4,Don't Watch,5,Zee5,"Dish TV(Tata aky, Airtel, etc)",Yes,Yes,Rs. 33,Rs. 580,I prefer TV but it doesn't affect.
11-20,Student,Central,1-3 hrs,5-7 hrs,Don't Watch,Don't Watch,Don't Watch,Don't Watch,3,Telegram,Local cable,No,No,0,700,I prefer TV and it affects.
21-30,Full time working,Western,Don't watch,Don't watch,1,3,Don't Watch,Don't Watch,5,,"Dish TV(Tata aky, Airtel, etc)",No,Yes,,,I prefer OTT and it affects.
Above 50,Full time working,Central,Don't watch,1-3 hrs,4,5,3,2,3,No other,"Dish TV(Tata aky, Airtel, etc)",Yes,Yes,,2000/- annual,I prefer OTT but it doesn't affect.
21-30,Part time working,Central,Don't watch,3-5 hrs,1,1,2,2,2,,Local cable,Yes,Yes,750,1200,I prefer OTT but it doesn't affect.
21-30,Full time working,Central,Don't watch,1-3 hrs,Don't Watch,Don't Watch,Don't Watch,Don't Watch,1,,"Dish TV(Tata aky, Airtel, etc)",No,No,nothing ,300,I prefer TV but it doesn't affect.
21-30,Full time working,Central,Don't watch,1-3 hrs,Don't Watch,Don't Watch,Don't Watch,Don't Watch,1,None,"Dish TV(Tata aky, Airtel, etc)",No,No,0,230 Rupees,I prefer TV but it doesn't affect.
31-40,Full time working,Central,Don't watch,1-3 hrs,4,Don't Watch,Don't Watch,Don't Watch,4,,"Dish TV(Tata aky, Airtel, etc)",Yes,Yes,,390,I prefer OTT and it affects.
11-20,Student,Western,1-3 hrs,1-3 hrs,4,4,3,3,5,,"Dish TV(Tata aky, Airtel, etc)",Yes,Yes,,,I prefer OTT but it doesn't affect.
11-20,Student,Central,3-5 hrs,Don't watch,4,5,4,Don't Watch,4,Hulu,Don't watch,Yes,Yes,300,,I prefer OTT and it affects.
21-30,Student,Central,1-3 hrs,3-5 hrs,4,4,3,5,5,Youtube,"Dish TV(Tata aky, Airtel, etc)",Yes,Yes,,,I prefer OTT and it affects.
31-40,Full time working,Central,Don't watch,1-3 hrs,Don't Watch,Don't Watch,Don't Watch,Don't Watch,4,,"Dish TV(Tata aky, Airtel, etc)",No,,,,I prefer TV but it doesn't affect.
11-20,Student,Harbour,1-3 hrs,Don't watch,4,4,4,3,4,,Local cable,Yes,Yes,,450,I prefer OTT and it affects.
Above 50,Full time working,Central,1-3 hrs,1-3 hrs,4,Don't Watch,3,2,2,Sony +,Local cable,No,No,350,800,I prefer TV but it doesn't affect.
11-20,Student,Western,1-3 hrs,Don't watch,5,3,5,5,5,Zee5,"Dish TV(Tata aky, Airtel, etc)",Yes,Yes,I don't know,Around 700,I prefer OTT and it affects.
31-40,Full time working,Western,3-5 hrs,Don't watch,4,5,4,4,4,Zee5,Don't watch,No,Yes,,,I prefer OTT but it doesn't affect.
21-30,Full time working,Western,3-5 hrs,Don't watch,4,4,Don't Watch,Don't Watch,4,,Don't watch,No,Yes,,,I prefer OTT but it doesn't affect.
21-30,Full time working,Central,1-3 hrs,Don't watch,4,5,3,4,5,It is only those that i prefer and don't know about other OTT than these. ,Local cable,Yes,Yes,199/ month,,I prefer OTT but it doesn't affect.
Above 50,Full time working,Central,1-3 hrs,3-5 hrs,4,4,4,4,5,,Local cable,Yes,,,,I prefer TV but it doesn't affect.
11-20,Student,Central,3-5 hrs,3-5 hrs,5,4,4,5,5,Viki,"Dish TV(Tata aky, Airtel, etc)",Yes,Yes,,,I prefer OTT but it doesn't affect.
31-40,Full time working,Western,Don't watch,1-3 hrs,Don't Watch,Don't Watch,Don't Watch,Don't Watch,Don't Watch,,"Dish TV(Tata aky, Airtel, etc)",No,No,,250,I prefer TV but it doesn't affect.
21-30,Student,Central,1-3 hrs,Don't watch,2,5,1,2,5,CW,Local cable,No,Yes,149,350,I prefer OTT but it doesn't affect.
11-20,Student,Central,1-3 hrs,1-3 hrs,Don't Watch,3,5,5,5,Zee 5,"Dish TV(Tata aky, Airtel, etc)",Yes,Yes,Around 400,Around 650,I prefer OTT and it affects.
11-20,Part time working,Central,1-3 hrs,1-3 hrs,3,4,3,2,4,Netflix,"Dish TV(Tata aky, Airtel, etc)",No,Yes,300/400,??,I prefer OTT and it affects.
11-20,Student,Central,3-5 hrs,1-3 hrs,3,4,3,2,4,,Local cable,Yes,Yes,,,I prefer OTT and it affects.
21-30,Student,Western,3-5 hrs,1-3 hrs,2,5,5,Don't Watch,5,,Local cable,Yes,Yes,,,I prefer OTT and it affects.
Above 50,Full time working,Western,1-3 hrs,1-3 hrs,2,2,1,1,3,,Local cable,Yes,Yes,500,600,I prefer OTT but it doesn't affect.
31-40,Full time working,Central,1-3 hrs,Don't watch,4,4,3,Don't Watch,5,,"Dish TV(Tata aky, Airtel, etc)",No,Yes,116,560,I prefer OTT and it affects.
11-20,Student,Western,1-3 hrs,1-3 hrs,Don't Watch,Don't Watch,Don't Watch,Don't Watch,3,Youtube,Local cable,Yes,Yes,1 rs,2 rs,I prefer OTT but it doesn't affect.
31-40,Full time working,Central,1-3 hrs,Don't watch,4,4,4,2,4,,Don't watch,Yes,Yes,200,0,I prefer OTT and it affects.
11-20,Student,Central,1-3 hrs,1-3 hrs,Don't Watch,Don't Watch,Don't Watch,4,4,,"Dish TV(Tata aky, Airtel, etc)",Yes,No,,400,I prefer TV but it doesn't affect.
21-30,Full time working,Harbour,1-3 hrs,Don't watch,4,5,3,Don't Watch,5,Sony Liv,Don't watch,Yes,Yes,300,350,I prefer OTT but it doesn't affect.
11-20,Student,Central,1-3 hrs,3-5 hrs,4,5,Don't Watch,Don't Watch,4,YouTube and Netflix,Local cable,Yes,Yes,Don't know.. brother pays,,I prefer OTT and it affects.
11-20,Student,Central,Don't watch,Don't watch,5,5,5,Don't Watch,5,,"Dish TV(Tata aky, Airtel, etc)",Yes,Yes,,,I prefer OTT but it doesn't affect.
11-20,Student,Harbour,3-5 hrs,1-3 hrs,1,4,5,1,5,,"Dish TV(Tata aky, Airtel, etc)",No,Yes,No,Yes,I prefer OTT but it doesn't affect.
11-20,Student,Central,1-3 hrs,1-3 hrs,Don't Watch,1,Don't Watch,Don't Watch,1,N/A,Don't watch,Yes,Yes,$24 Dollars,,I prefer OTT but it doesn't affect.
11-20,Student,Central,1-3 hrs,1-3 hrs,5,5,5,2,5,,"Dish TV(Tata aky, Airtel, etc)",Yes,Yes,,,I prefer OTT but it doesn't affect.
31-40,Full time working,Harbour,1-3 hrs,Don't watch,Don't Watch,Don't Watch,3,Don't Watch,4,None,Local cable,No,Yes,Nothing extra. For my usage it's included in Wifi cost.,350/-,I prefer OTT but it doesn't affect.
11-20,Student,Central,Don't watch,Don't watch,3,5,Don't Watch,Don't Watch,2,Netflix ,"Dish TV(Tata aky, Airtel, etc)",Yes,Yes,200,No idea,I prefer OTT but it doesn't affect.
31-40,Full time working,Central,1-3 hrs,1-3 hrs,Don't Watch,Don't Watch,Don't Watch,Don't Watch,3,,"Dish TV(Tata aky, Airtel, etc)",No,No,50rs,400 rs,I prefer TV and it affects.
11-20,Student,Central,1-3 hrs,1-3 hrs,4,4,3,2,4,,"Dish TV(Tata aky, Airtel, etc)",Yes,Yes,,,I prefer OTT but it doesn't affect.
11-20,Student,Central,1-3 hrs,Don't watch,1,4,Don't Watch,1,5,,Local cable,Yes,Yes,,,I prefer OTT but it doesn't affect.
11-20,Student,Western,3-5 hrs,Don't watch,4,5,3,2,4,,Don't watch,No,Yes,250,0,I prefer OTT but it doesn't affect.
11-20,Student,Western,1-3 hrs,Don't watch,3,2,3,Don't Watch,2,Prime,Don't watch,No,Yes,Around 1000,7000,I prefer OTT and it affects.
11-20,Student,Western,1-3 hrs,3-5 hrs,1,5,2,Don't Watch,5,None,Don't watch,No,Yes,200INR,I don't have cable ,I prefer OTT but it doesn't affect.
11-20,Student,Western,1-3 hrs,Don't watch,3,5,2,1,4,,"Dish TV(Tata aky, Airtel, etc)",Yes,Yes,,,I prefer OTT and it affects.
11-20,Student,Central,3-5 hrs,1-3 hrs,5,5,5,3,5,None,Local cable,Yes,Yes,1000,300,I prefer OTT and it affects.
11-20,Student,Western,3-5 hrs,1-3 hrs,4,5,3,Don't Watch,4,,Local cable,Yes,Yes,800,350,I prefer OTT and it affects.
11-20,Student,Central,3-5 hrs,1-3 hrs,2,3,1,Don't Watch,2,Netflix,Don't watch,Yes,Yes,Free subscription with Jio Fiber plan,I don't,I prefer OTT and it affects.
Above 50,Full time working,Central,Don't watch,1-3 hrs,2,2,Don't Watch,Don't Watch,3,,Local cable,No,No,0,300,I prefer TV but it doesn't affect.
11-20,Student,Central,1-3 hrs,1-3 hrs,Don't Watch,Don't Watch,5,Don't Watch,5,,Local cable,Yes,Yes,,,I prefer OTT and it affects.
11-20,Student,Central,1-3 hrs,1-3 hrs,4,4,4,4,5,Oreo tv,Local cable,Yes,Yes,430,430,I prefer OTT and it affects.
41-50,Full time working,Central,1-3 hrs,1-3 hrs,1,Don't Watch,Don't Watch,Don't Watch,5,,Local cable,No,Yes,500 rs,500 rs,I prefer OTT but it doesn't affect.
21-30,Part time working,Central,1-3 hrs,Don't watch,4,4,3,1,5,Popcorn time,Don't watch,Yes,Yes,Total - 200,-,I prefer OTT but it doesn't affect.
11-20,Student,Central,5-7 hrs,Don't watch,3,5,2,1,5,,Don't watch,Yes,Yes,,,I prefer OTT and it affects.
11-20,Student,Central,Don't watch,Don't watch,Don't Watch,Don't Watch,Don't Watch,Don't Watch,Don't Watch,No,Don't watch,No,No,No,No,I prefer OTT but it doesn't affect.
11-20,Student,Central,1-3 hrs,Don't watch,5,Don't Watch,Don't Watch,3,3,,Don't watch,No,Yes,₹110,₹338,I prefer OTT but it doesn't affect.
11-20,Student,Central,1-3 hrs,Don't watch,3,1,5,5,5,Sony sab,Don't watch,Yes,Yes,500,400,I prefer OTT but it doesn't affect.
11-20,Student,Central,Don't watch,1-3 hrs,Don't Watch,Don't Watch,Don't Watch,Don't Watch,3,,Local cable,No,No,,,I prefer TV but it doesn't affect.
11-20,Student,Western,Don't watch,3-5 hrs,Don't Watch,Don't Watch,Don't Watch,Don't Watch,4,No one,Local cable,No,No,Nil,₹400,I prefer TV but it doesn't affect.
41-50,Full time working,Central,Don't watch,1-3 hrs,Don't Watch,Don't Watch,Don't Watch,Don't Watch,2,You tube,"Dish TV(Tata aky, Airtel, etc)",No,No,Do not use hence no payment,300,I prefer OTT but it doesn't affect.
31-40,Full time working,Central,Don't watch,1-3 hrs,2,2,3,Don't Watch,3,Jiocinema,"Dish TV(Tata aky, Airtel, etc)",No,No,100 Rs,250 Rs,I prefer TV but it doesn't affect.
31-40,Full time working,Central,1-3 hrs,1-3 hrs,2,Don't Watch,2,2,1,"Zee 5, Sony LIV, MX player","Dish TV(Tata aky, Airtel, etc)",Yes,Yes,300,250,I prefer OTT but it doesn't affect.
11-20,Student,Central,Don't watch,Don't watch,3,4,4,1,2,,Don't watch,No,Yes,Around 900,,I prefer OTT but it doesn't affect.
11-20,Student,Western,1-3 hrs,Don't watch,Don't Watch,Don't Watch,Don't Watch,Don't Watch,4,YouTube,"Dish TV(Tata aky, Airtel, etc)",Yes,Yes,700,,I prefer OTT and it affects.
11-20,Student,Central,1-3 hrs,Don't watch,4,4,4,Don't Watch,5,Torrent sites,Don't watch,No,Yes,0,191,I prefer OTT but it doesn't affect.
21-30,Full time working,Central,1-3 hrs,1-3 hrs,4,4,2,2,4,,"Dish TV(Tata aky, Airtel, etc)",Yes,Yes,500,350,I prefer OTT but it doesn't affect.
11-20,Student,Central,1-3 hrs,3-5 hrs,Don't Watch,Don't Watch,5,5,5,Sony Liv,Local cable,Yes,Yes,Don't pay,Don't know,I prefer TV but it doesn't affect.
11-20,Student,Central,Don't watch,1-3 hrs,5,5,4,4,5,Thoph TV,Local cable,No,No,0😴 ,0😴,I prefer OTT but it doesn't affect.
11-20,Student,Central,Don't watch,Don't watch,2,Don't Watch,4,Don't Watch,5,MX player,"Dish TV(Tata aky, Airtel, etc)",Yes,Yes,Dont have subscription,no TV connection,I prefer OTT but it doesn't affect.
11-20,Student,Central,1-3 hrs,Don't watch,Don't Watch,1,2,1,3,No,"Dish TV(Tata aky, Airtel, etc)",Yes,Yes,399,399,I prefer OTT and it affects.
11-20,Student,Western,Don't watch,1-3 hrs,1,Don't Watch,1,1,2,Tubemate,Local cable,No,Yes,300,250,I prefer TV and it affects.
11-20,Student,Central,3-5 hrs,Don't watch,2,2,2,Don't Watch,1,None,"Dish TV(Tata aky, Airtel, etc)",Yes,,,,I prefer OTT and it affects.
11-20,Student,Central,1-3 hrs,Don't watch,Don't Watch,Don't Watch,Don't Watch,Don't Watch,5,YouTube,Don't watch,Yes,Yes,No,400,I prefer TV but it doesn't affect.
11-20,Student,Central,3-5 hrs,Don't watch,5,4,Don't Watch,Don't Watch,4,“WATCHED”,Don't watch,Yes,Yes,₹100 a month and ₹1200 a year,none,I prefer OTT but it doesn't affect.
11-20,Student,Central,1-3 hrs,1-3 hrs,5,5,4,3,5,,"Dish TV(Tata aky, Airtel, etc)",No,Yes,,,I prefer OTT but it doesn't affect.
11-20,Student,Central,1-3 hrs,Don't watch,4,4,1,Don't Watch,3,,Don't watch,No,Yes,Approx 100,Don't watch ,I prefer OTT and it affects.
11-20,Student,Central,1-3 hrs,1-3 hrs,2,2,2,2,3,None,Local cable,Yes,No,None,,I prefer TV and it affects.
21-30,Student,Harbour,1-3 hrs,1-3 hrs,4,4,4,4,4,,Local cable,Yes,Yes,,250,I prefer TV but it doesn't affect.
21-30,Student,Central,1-3 hrs,1-3 hrs,2,4,2,Don't Watch,5,,Local cable,No,Yes,1000,,I prefer OTT but it doesn't affect.
21-30,Full time working,Harbour,1-3 hrs,Don't watch,3,Don't Watch,4,4,5,"Sony live, zee5",Don't watch,Yes,Yes,,,I prefer OTT but it doesn't affect.
41-50,Full time working,Central,Don't watch,1-3 hrs,Don't Watch,Don't Watch,Don't Watch,Don't Watch,3,Don't watch,"Dish TV(Tata aky, Airtel, etc)",No,No,Zero,500 rupees,I prefer TV but it doesn't affect.
Below 10,Student,Central,7-9 hrs,3-5 hrs,Don't Watch,Don't Watch,Don't Watch,Don't Watch,5,Facebook,"Dish TV(Tata aky, Airtel, etc)",Yes,Yes,500,300,I prefer OTT and it affects.
11-20,Student,Central,Don't watch,1-3 hrs,Don't Watch,Don't Watch,Don't Watch,Don't Watch,Don't Watch,,Local cable,No,No,,100,I prefer TV but it doesn't affect.
11-20,Student,Central,1-3 hrs,3-5 hrs,1,Don't Watch,2,1,3,,Local cable,Yes,Yes,,,I prefer OTT and it affects.
11-20,Student,Central,1-3 hrs,1-3 hrs,5,Don't Watch,5,Don't Watch,2,,"Dish TV(Tata aky, Airtel, etc)",Yes,Yes,100-150,350,I prefer OTT but it doesn't affect.
41-50,Full time working,Central,1-3 hrs,1-3 hrs,4,5,5,5,3,-,"Dish TV(Tata aky, Airtel, etc)",Yes,No,150 to 200,500,I prefer TV but it doesn't affect.
11-20,Student,Central,1-3 hrs,1-3 hrs,5,5,3,3,5,,Local cable,Yes,Yes,,,I prefer OTT but it doesn't affect.
11-20,Student,Central,1-3 hrs,1-3 hrs,2,2,3,4,4,,"Dish TV(Tata aky, Airtel, etc)",Yes,Yes,,,I prefer OTT but it doesn't affect.
11-20,Student,Western,1-3 hrs,Don't watch,4,4,4,4,2,Zee 5,Don't watch,Yes,Yes,,,I prefer OTT but it doesn't affect.
11-20,Student,Western,Don't watch,1-3 hrs,Don't Watch,Don't Watch,Don't Watch,Don't Watch,2,,"Dish TV(Tata aky, Airtel, etc)",No,Yes,,600,I prefer OTT but it doesn't affect.
11-20,Student,Harbour,1-3 hrs,Don't watch,1,5,5,1,5,,Don't watch,Yes,Yes,200,,I prefer OTT and it affects.
11-20,Student,Central,1-3 hrs,Don't watch,Don't Watch,2,3,Don't Watch,3,Mx player,Don't watch,Yes,Yes,199,0,I prefer OTT but it doesn't affect.
11-20,Student,Central,1-3 hrs,Don't watch,2,4,3,3,5,,Don't watch,Yes,Yes,,,I prefer OTT and it affects.
11-20,Student,Central,Don't watch,1-3 hrs,Don't Watch,Don't Watch,Don't Watch,Don't Watch,3,,Local cable,No,,,360,I prefer TV but it doesn't affect.
11-20,Student,Western,1-3 hrs,1-3 hrs,Don't Watch,5,Don't Watch,Don't Watch,5,MX Player,Local cable,Yes,Yes,199,320,I prefer OTT and it affects.
11-20,Student,Harbour,Don't watch,Don't watch,Don't Watch,Don't Watch,3,3,3,No,Don't watch,No,No,No,No,I prefer TV but it doesn't affect.
11-20,Student,Harbour,Don't watch,1-3 hrs,3,3,3,3,4,Zee5,"Dish TV(Tata aky, Airtel, etc)",No,No,199,600,I prefer TV but it doesn't affect.
11-20,Student,Central,1-3 hrs,Don't watch,Don't Watch,3,2,2,3,,Don't watch,Yes,Yes,,,I prefer OTT but it doesn't affect.
11-20,Student,Harbour,1-3 hrs,Don't watch,Don't Watch,5,4,Don't Watch,5,YouTube and Netflix,Don't watch,Yes,Yes,0,0,I prefer OTT and it affects.
11-20,Student,Central,1-3 hrs,1-3 hrs,Don't Watch,Don't Watch,Don't Watch,Don't Watch,5,,Local cable,No,Yes,,,I prefer OTT and it affects.
11-20,Student,Central,3-5 hrs,More than 9 hrs,3,5,3,2,4,Telegram,"Dish TV(Tata aky, Airtel, etc)",No,Yes,On telegram it's free bro paisa waste mat karo,Pappa ko puchta hu,I prefer OTT but it doesn't affect.
11-20,Student,Central,Don't watch,3-5 hrs,Don't Watch,Don't Watch,Don't Watch,Don't Watch,1,No other,Local cable,No,No,I don't,400-500 Rs,I prefer TV and it affects.
11-20,Student,Central,1-3 hrs,1-3 hrs,Don't Watch,3,3,Don't Watch,5,,Local cable,No,Yes,,,I prefer OTT but it doesn't affect.
11-20,Student,Harbour,Don't watch,1-3 hrs,Don't Watch,Don't Watch,Don't Watch,Don't Watch,1,,"Dish TV(Tata aky, Airtel, etc)",No,No,Nothing,250,I prefer TV but it doesn't affect.
11-20,Student,Central,3-5 hrs,1-3 hrs,5,5,3,1,4,HULU,"Dish TV(Tata aky, Airtel, etc)",Yes,Yes,1000,400,I prefer OTT and it affects.
11-20,Student,Harbour,1-3 hrs,1-3 hrs,5,5,Don't Watch,5,4,No,Local cable,No,Yes,349,380,I prefer OTT but it doesn't affect.
11-20,Student,Central,1-3 hrs,Don't watch,3,4,4,3,1,Discovery plus,Don't watch,Yes,Yes,Nothing,Nothing,I prefer OTT but it doesn't affect.
11-20,Student,Western,1-3 hrs,1-3 hrs,5,5,Don't Watch,Don't Watch,5,,Local cable,Yes,Yes,500,400,I prefer OTT but it doesn't affect.
21-30,Student,Central,1-3 hrs,Don't watch,5,5,5,5,Don't Watch,YouTube ,"Dish TV(Tata aky, Airtel, etc)",Yes,Yes,0,200,I prefer TV but it doesn't affect.
11-20,Part time working,Central,3-5 hrs,Don't watch,Don't Watch,Don't Watch,1,Don't Watch,2,"Instagram,what's up",Don't watch,Yes,Yes,Around 500 ,Not prefer tv,I prefer OTT but it doesn't affect.
11-20,Student,Central,1-3 hrs,Don't watch,5,5,3,3,5,Netflix ,"Dish TV(Tata aky, Airtel, etc)",Yes,Yes,100,I have no clue,I prefer OTT but it doesn't affect.
11-20,Student,Central,1-3 hrs,1-3 hrs,1,5,3,Don't Watch,3,Zee5,"Dish TV(Tata aky, Airtel, etc)",Yes,Yes,500,800,I prefer OTT but it doesn't affect.
11-20,Student,Central,1-3 hrs,Don't watch,5,5,Don't Watch,Don't Watch,4,,"Dish TV(Tata aky, Airtel, etc)",Yes,Yes,500,,I prefer OTT and it affects.
21-30,Full time working,Harbour,1-3 hrs,1-3 hrs,3,Don't Watch,3,Don't Watch,4,,Local cable,Yes,Yes,,150,I prefer TV but it doesn't affect.
11-20,Student,Central,3-5 hrs,1-3 hrs,Don't Watch,5,5,Don't Watch,5,Instagram,"Dish TV(Tata aky, Airtel, etc)",Yes,No,Nearly 500 Rs per year,500 rs approx ,I prefer OTT but it doesn't affect.
21-30,Full time working,Western,1-3 hrs,Don't watch,1,2,1,Don't Watch,2,More diverse content,"Dish TV(Tata aky, Airtel, etc)",No,Yes,200,500,I prefer OTT but it doesn't affect.
21-30,Full time working,Central,1-3 hrs,1-3 hrs,2,4,Don't Watch,1,5,,"Dish TV(Tata aky, Airtel, etc)",No,Yes,100,400,I prefer TV but it doesn't affect.
31-40,Full time working,Central,1-3 hrs,1-3 hrs,4,5,Don't Watch,Don't Watch,4,None,"Dish TV(Tata aky, Airtel, etc)",No,Yes,100,650,I prefer OTT but it doesn't affect.
11-20,Student,Central,1-3 hrs,3-5 hrs,4,2,3,4,5,,"Dish TV(Tata aky, Airtel, etc)",Yes,Yes,,,I prefer OTT and it affects.
11-20,Student,Harbour,1-3 hrs,Don't watch,5,5,Don't Watch,Don't Watch,5,,Local cable,Yes,Yes,,,I prefer OTT but it doesn't affect.
11-20,Student,Central,1-3 hrs,Don't watch,5,5,4,5,5,Zee5,"Dish TV(Tata aky, Airtel, etc)",No,Yes,,,I prefer OTT but it doesn't affect.
11-20,Student,Harbour,1-3 hrs,Don't watch,Don't Watch,Don't Watch,Don't Watch,Don't Watch,1,It's personal ( you can't ask a personal information 😒 ),Don't watch,No,No,630,450,I prefer OTT but it doesn't affect.
11-20,Student,Harbour,More than 9 hrs,1-3 hrs,Don't Watch,5,Don't Watch,Don't Watch,5,,"Dish TV(Tata aky, Airtel, etc)",Yes,Yes,,,I prefer OTT and it affects.
11-20,Student,Western,1-3 hrs,1-3 hrs,4,5,5,Don't Watch,5,Netflix  and YouTube ,"Dish TV(Tata aky, Airtel, etc)",Yes,Yes,200-300,No idea,I prefer OTT but it doesn't affect.
11-20,Student,Central,1-3 hrs,1-3 hrs,1,1,1,1,1,Netflix ,Local cable,Yes,Yes,No,400,I prefer OTT but it doesn't affect.
11-20,Student,Central,1-3 hrs,Don't watch,Don't Watch,Don't Watch,2,3,4,None,"Dish TV(Tata aky, Airtel, etc)",No,Yes,None,350,I prefer OTT but it doesn't affect.
Above 50,Full time working,Central,Don't watch,Don't watch,Don't Watch,Don't Watch,Don't Watch,Don't Watch,5,NA,Don't watch,No,Yes,NA,NA,I prefer TV and it affects.
11-20,Student,Central,1-3 hrs,1-3 hrs,4,3,Don't Watch,Don't Watch,5, No idea,Don't watch,Yes,Yes,1000,300,I prefer OTT and it affects.
11-20,Student,Central,1-3 hrs,1-3 hrs,Don't Watch,Don't Watch,Don't Watch,Don't Watch,3,,Local cable,No,No,0,0,I prefer OTT but it doesn't affect.
11-20,Student,Western,3-5 hrs,1-3 hrs,1,3,2,Don't Watch,3,Netflix,"Dish TV(Tata aky, Airtel, etc)",Yes,Yes,600,400,I prefer OTT and it affects.
11-20,Student,Central,1-3 hrs,Don't watch,5,5,5,Don't Watch,5,MX player,Don't watch,No,Yes,600,Nil,I prefer OTT but it doesn't affect.
11-20,Student,Central,1-3 hrs,1-3 hrs,2,1,3,4,5,None,Local cable,No,Yes,299,400,I prefer OTT but it doesn't affect.
11-20,Part time working,Central,1-3 hrs,1-3 hrs,4,5,5,1,5,ESPN,"Dish TV(Tata aky, Airtel, etc)",Yes,Yes,1000,500,I prefer OTT but it doesn't affect.
21-30,Full time working,Central,1-3 hrs,1-3 hrs,4,3,4,3,5,YouTube ,"Dish TV(Tata aky, Airtel, etc)",Yes,Yes,NA,300,I prefer OTT but it doesn't affect.
11-20,Student,Central,Don't watch,1-3 hrs,2,2,2,1,1,You tube,"Dish TV(Tata aky, Airtel, etc)",No,Yes,5oo,500,I prefer OTT and it affects.
31-40,Full time working,Western,1-3 hrs,1-3 hrs,2,3,2,1,3,Na,"Dish TV(Tata aky, Airtel, etc)",Yes,Yes,500,500,I prefer OTT but it doesn't affect.
11-20,Student,Harbour,1-3 hrs,1-3 hrs,3,2,3,3,3,,"Dish TV(Tata aky, Airtel, etc)",Yes,Yes,,350,I prefer OTT but it doesn't affect.
21-30,Student,Western,1-3 hrs,Don't watch,1,4,1,Don't Watch,4,None,Don't watch,Yes,No,,,I prefer OTT but it doesn't affect.
11-20,Student,Central,1-3 hrs,1-3 hrs,3,5,Don't Watch,2,5,Netflix,Local cable,Yes,Yes,200,350,I prefer OTT and it affects.
11-20,Student,Central,3-5 hrs,3-5 hrs,5,5,Don't Watch,Don't Watch,5,,"Dish TV(Tata aky, Airtel, etc)",Yes,Yes,199,400,I prefer OTT but it doesn't affect.
11-20,Part time working,Central,1-3 hrs,1-3 hrs,1,2,1,Don't Watch,1,No,Local cable,No,Yes,Nothing,450,I prefer TV but it doesn't affect.
21-30,Student,Central,1-3 hrs,1-3 hrs,5,4,3,2,5,,Local cable,Yes,Yes,,,I prefer OTT and it affects.
41-50,Housewife,Central,1-3 hrs,Don't watch,Don't Watch,Don't Watch,4,Don't Watch,5,No other,"Dish TV(Tata aky, Airtel, etc)",No,No,Nothing,333,I prefer TV and it affects.
11-20,Student,Western,Don't watch,5-7 hrs,Don't Watch,Don't Watch,Don't Watch,2,5,No,"Dish TV(Tata aky, Airtel, etc)",No,No,No,250,I prefer TV but it doesn't affect.
11-20,Student,Western,3-5 hrs,1-3 hrs,Don't Watch,Don't Watch,Don't Watch,Don't Watch,3,Crunchyroll,Local cable,Yes,Yes,1000,500,I prefer OTT but it doesn't affect.
11-20,Student,Central,1-3 hrs,1-3 hrs,Don't Watch,Don't Watch,Don't Watch,Don't Watch,2,,"Dish TV(Tata aky, Airtel, etc)",Yes,Yes,500,300,I prefer OTT and it affects.
11-20,Student,Western,1-3 hrs,1-3 hrs,4,4,4,2,4,None,"Dish TV(Tata aky, Airtel, etc)",Yes,Yes,200,800,I prefer OTT and it affects.
41-50,Full time working,Western,1-3 hrs,Don't watch,Don't Watch,2,Don't Watch,Don't Watch,2,Na,Don't watch,Yes,Yes,799 per month,Na,I prefer OTT but it doesn't affect.
41-50,Part time working,Western,1-3 hrs,Don't watch,1,1,Don't Watch,Don't Watch,2,Sony liv,Don't watch,Yes,Yes,299,1500,I prefer OTT and it affects.
41-50,Housewife,Western,1-3 hrs,Don't watch,Don't Watch,1,1,Don't Watch,1,,Don't watch,Yes,Yes,500,500,I prefer OTT and it affects.
Above 50,Retired,Western,1-3 hrs,1-3 hrs,Don't Watch,Don't Watch,Don't Watch,Don't Watch,Don't Watch,"Nature, Historical ","Dish TV(Tata aky, Airtel, etc)",No,Yes,Free with Sony TV,£78,I prefer TV but it doesn't affect.
Above 50,Full time working,Central,1-3 hrs,3-5 hrs,Don't Watch,1,Don't Watch,Don't Watch,1,Sony liv,Local cable,Yes,No,,100,I prefer TV but it doesn't affect.
Above 50,Full time working,Western,1-3 hrs,Don't watch,2,Don't Watch,Don't Watch,Don't Watch,2,Not aware,Local cable,Yes,No,40 only extra for 6 momths ,380,I prefer TV but it doesn't affect.
41-50,Full time working,Western,1-3 hrs,Don't watch,Don't Watch,Don't Watch,4,3,3,,Don't watch,No,Yes,999 + tax,I have jio fiber silver plan,I prefer OTT but it doesn't affect.
11-20,Student,Western,1-3 hrs,1-3 hrs,5,4,4,3,5,Mx player,"Dish TV(Tata aky, Airtel, etc)",No,Yes,I have a yearly membership ,Approx. 500,I prefer TV but it doesn't affect.
31-40,Housewife,Western,Don't watch,Don't watch,Don't Watch,Don't Watch,Don't Watch,Don't Watch,Don't Watch,,Local cable,No,,,,I prefer TV but it doesn't affect.
41-50,Part time working,Central,Don't watch,3-5 hrs,Don't Watch,Don't Watch,Don't Watch,Don't Watch,Don't Watch,Cable ,Local cable,No,No,--,520/-,I prefer TV but it doesn't affect.
31-40,Full time working,Harbour,1-3 hrs,1-3 hrs,Don't Watch,Don't Watch,Don't Watch,Don't Watch,1,,"Dish TV(Tata aky, Airtel, etc)",Yes,No,,,I prefer OTT and it affects.
Above 50,Housewife,Central,1-3 hrs,1-3 hrs,1,1,1,1,5,,Local cable,Yes,No,Nothing,Rs.300,I prefer TV and it affects.
21-30,Unemployed,Western,3-5 hrs,Don't watch,3,4,4,2,4,,Local cable,Yes,Yes,199,547,I prefer OTT and it affects.
41-50,Full time working,Central,Don't watch,3-5 hrs,Don't Watch,Don't Watch,Don't Watch,Don't Watch,Don't Watch,N.A.,"Dish TV(Tata aky, Airtel, etc)",No,No,0,400,I prefer TV but it doesn't affect.
41-50,Retired,Western,1-3 hrs,5-7 hrs,2,1,1,1,2,Zee5,"Dish TV(Tata aky, Airtel, etc)",No,Yes,₹ 200 to 300,Yes,I prefer OTT but it doesn't affect.
41-50,Housewife,Western,Don't watch,1-3 hrs,Don't Watch,4,Don't Watch,Don't Watch,4,Mostly YouTube ,"Dish TV(Tata aky, Airtel, etc)",Yes,Yes,650/-,430/-,I prefer TV but it doesn't affect.
21-30,Full time working,Western,Don't watch,1-3 hrs,3,1,1,1,5,,Local cable,No,No,Nothing i pay. Its my friend's account,300,I prefer TV but it doesn't affect.
11-20,Student,Western,1-3 hrs,1-3 hrs,4,5,3,2,3,,Local cable,Yes,Yes,200-500,500,I prefer OTT and it affects.
21-30,Full time working,Western,1-3 hrs,Don't watch,4,5,4,3,5,,Local cable,No,Yes,I download the series that I want to watch from torrent,450,I prefer OTT but it doesn't affect.
11-20,Student,Western,1-3 hrs,1-3 hrs,4,4,4,4,5,crunchyroll,Local cable,No,Yes,none,500,I prefer OTT and it affects.
21-30,Full time working,Central,1-3 hrs,Don't watch,4,4,4,3,4,Disney Hotstar,Don't watch,Yes,Yes,500-1000,500,I prefer OTT but it doesn't affect.
Above 50,Full time working,Western,Don't watch,1-3 hrs,Don't Watch,Don't Watch,Don't Watch,Don't Watch,Don't Watch,,Local cable,No,No,Nil,400,I prefer TV but it doesn't affect.
21-30,Full time working,Western,1-3 hrs,Don't watch,2,3,2,Don't Watch,3,Discovery +,Don't watch,No,Yes,300-400,500,I prefer OTT but it doesn't affect.
21-30,Student,Central,Don't watch,1-3 hrs,Don't Watch,Don't Watch,Don't Watch,Don't Watch,1,,"Dish TV(Tata aky, Airtel, etc)",Yes,No,,400,I prefer TV but it doesn't affect.
Above 50,Full time working,Western,1-3 hrs,Don't watch,3,3,3,3,Don't Watch,Uou tube,Don't watch,No,Yes,Dont pay,0,I prefer OTT and it affects.
11-20,Student,Central,1-3 hrs,1-3 hrs,3,5,4,Don't Watch,5,,"Dish TV(Tata aky, Airtel, etc)",No,Yes,700,400,I prefer OTT but it doesn't affect.
11-20,Student,Western,1-3 hrs,1-3 hrs,4,4,Don't Watch,Don't Watch,3,,Local cable,Yes,Yes,100,400,I prefer OTT and it affects.
Above 50,Full time working,Western,Don't watch,Don't watch,Don't Watch,Don't Watch,Don't Watch,Don't Watch,1,,Local cable,No,,,,I prefer TV but it doesn't affect.
41-50,Full time working,Western,Don't watch,Don't watch,Don't Watch,Don't Watch,Don't Watch,Don't Watch,1,,"Dish TV(Tata aky, Airtel, etc)",No,No,400,400,I prefer TV and it affects.
21-30,Full time working,Western,1-3 hrs,Don't watch,3,Don't Watch,4,Don't Watch,3,,Don't watch,No,Yes,125,400,I prefer OTT and it affects.
Above 50,Housewife,Central,1-3 hrs,Don't watch,1,1,1,Don't Watch,1,The above is good enough ,"Dish TV(Tata aky, Airtel, etc)",Yes,Yes,500,350,I prefer OTT but it doesn't affect.
41-50,Part time working,Central,1-3 hrs,Don't watch,Don't Watch,Don't Watch,Don't Watch,Don't Watch,5,None,"Dish TV(Tata aky, Airtel, etc)",No,Yes,400,400,I prefer OTT but it doesn't affect.
41-50,Full time working,Western,1-3 hrs,1-3 hrs,3,3,3,3,3,,Local cable,Yes,Yes,rs400,rs400,I prefer OTT but it doesn't affect.
21-30,Student,Western,3-5 hrs,Don't watch,5,5,3,3,5,,Don't watch,Yes,Yes,300,None,I prefer OTT but it doesn't affect.
21-30,Student,Central,3-5 hrs,Don't watch,3,3,Don't Watch,Don't Watch,4,,Don't watch,Yes,Yes,100,,I prefer OTT and it affects.
Above 50,Full time working,Central,Don't watch,1-3 hrs,Don't Watch,Don't Watch,Don't Watch,Don't Watch,2,Nothing,"Dish TV(Tata aky, Airtel, etc)",Yes,Yes,Nil,Rs. 500,I prefer TV but it doesn't affect.
11-20,Student,Central,3-5 hrs,1-3 hrs,Don't Watch,Don't Watch,Don't Watch,Don't Watch,4,Nothing,"Dish TV(Tata aky, Airtel, etc)",No,Yes,No i dont use OTT platforms that charge ,Rs.350/-,I prefer OTT and it affects.
11-20,Student,Central,1-3 hrs,Don't watch,2,1,2,2,2,Nothing,Don't watch,Yes,Yes,1000,0,I prefer OTT and it affects.
41-50,Housewife,Central,Don't watch,3-5 hrs,Don't Watch,Don't Watch,Don't Watch,Don't Watch,3,None,Local cable,Yes,No,0,150,I prefer TV but it doesn't affect.
11-20,Student,Central,1-3 hrs,1-3 hrs,3,3,Don't Watch,Don't Watch,3,,"Dish TV(Tata aky, Airtel, etc)",No,Yes,,,I prefer OTT but it doesn't affect.
11-20,Student,Central,5-7 hrs,1-3 hrs,Don't Watch,3,2,1,3,Netflix,Local cable,Yes,Yes,Mostly one month,Full year plan,I prefer TV but it doesn't affect.
11-20,Student,Central,3-5 hrs,Don't watch,3,4,3,2,4,,"Dish TV(Tata aky, Airtel, etc)",Yes,Yes,,,I prefer OTT but it doesn't affect.
11-20,Student,Central,1-3 hrs,Don't watch,4,4,4,4,4,,Local cable,Yes,Yes,,,I prefer TV but it doesn't affect.
11-20,Part time working,Central,Don't watch,Don't watch,4,5,4,3,5,None,Don't watch,No,Yes,None,200,I prefer OTT and it affects.
11-20,Student,Central,3-5 hrs,Don't watch,Don't Watch,Don't Watch,Don't Watch,Don't Watch,5,No one only you tube,"Dish TV(Tata aky, Airtel, etc)",No,Yes,Nothing ,300rs,I prefer OTT but it doesn't affect.
11-20,Student,Central,3-5 hrs,1-3 hrs,4,5,3,3,5,None,Local cable,Yes,No,Approx 200,Approx 300,I prefer OTT and it affects.
21-30,Full time working,Western,5-7 hrs,Don't watch,4,4,3,3,5,Sony liv,"Dish TV(Tata aky, Airtel, etc)",Yes,Yes,500,800,I prefer OTT but it doesn't affect.
11-20,Student,Central,1-3 hrs,7-9 hrs,Don't Watch,4,2,Don't Watch,5,,Local cable,Yes,Yes,0,400,I prefer OTT but it doesn't affect.
21-30,Student,Central,1-3 hrs,1-3 hrs,3,2,2,2,3,,Local cable,Yes,Yes,700,500,I prefer OTT and it affects.
11-20,Student,Central,3-5 hrs,1-3 hrs,3,4,2,2,5,-,"Dish TV(Tata aky, Airtel, etc)",Yes,Yes,-,Around 300,I prefer OTT and it affects.
11-20,Student,Central,3-5 hrs,1-3 hrs,Don't Watch,Don't Watch,Don't Watch,Don't Watch,4,,Local cable,No,Yes,,,I prefer OTT and it affects.
11-20,Student,Central,1-3 hrs,1-3 hrs,1,1,1,1,1,,"Dish TV(Tata aky, Airtel, etc)",Yes,Yes,1000,400,I prefer OTT but it doesn't affect.
11-20,Student,Central,1-3 hrs,1-3 hrs,5,5,4,3,5,,"Dish TV(Tata aky, Airtel, etc)",No,Yes,,,I prefer OTT but it doesn't affect.
11-20,Student,Central,1-3 hrs,1-3 hrs,2,5,2,2,5,,Local cable,Yes,Yes,,,I prefer OTT but it doesn't affect.
21-30,Student,Central,3-5 hrs,1-3 hrs,3,3,3,2,3,Netflix youtube ,Local cable,No,Yes,200,450,I prefer OTT but it doesn't affect.
11-20,Student,Central,1-3 hrs,1-3 hrs,Don't Watch,5,3,Don't Watch,3,,Local cable,No,No,100,366,I prefer OTT but it doesn't affect.
11-20,Student,Central,7-9 hrs,1-3 hrs,2,1,4,Don't Watch,4,,Local cable,No,Yes,,,I prefer TV but it doesn't affect.
11-20,Student,Central,1-3 hrs,1-3 hrs,4,3,Don't Watch,Don't Watch,5,,"Dish TV(Tata aky, Airtel, etc)",Yes,Yes,Nothing,300+,I prefer OTT but it doesn't affect.
11-20,Student,Central,3-5 hrs,1-3 hrs,Don't Watch,4,3,1,3,,Local cable,Yes,Yes,659,500,I prefer OTT and it affects.
11-20,Student,Central,1-3 hrs,1-3 hrs,Don't Watch,Don't Watch,Don't Watch,Don't Watch,1,,Local cable,Yes,Yes,,250,I prefer OTT and it affects.
11-20,Student,Central,1-3 hrs,1-3 hrs,Don't Watch,Don't Watch,4,4,5,,"Dish TV(Tata aky, Airtel, etc)",Yes,No,50 approx,400 pm,I prefer TV and it affects.
41-50,Part time working,Central,1-3 hrs,Don't watch,Don't Watch,Don't Watch,2,Don't Watch,3,"You tube, Google, Facebook,insta",Local cable,Yes,Yes,200rs,650,I prefer OTT and it affects.
11-20,Student,Central,1-3 hrs,Don't watch,Don't Watch,4,Don't Watch,Don't Watch,5,,Don't watch,No,Yes,,,I prefer OTT but it doesn't affect.
11-20,Student,Central,1-3 hrs,1-3 hrs,1,Don't Watch,1,1,3,Amazon prime,Local cable,Yes,Yes,,,I prefer OTT and it affects.
11-20,Student,Central,3-5 hrs,Don't watch,Don't Watch,5,4,3,5,Netflix youTube,Don't watch,Yes,Yes,400,0,I prefer OTT but it doesn't affect.
11-20,Student,Central,1-3 hrs,1-3 hrs,3,5,2,2,3,None,Local cable,Yes,Yes,1000 in total,350,I prefer OTT and it affects.
21-30,Full time working,Central,1-3 hrs,Don't watch,3,3,1,1,1,Amazon prime,"Dish TV(Tata aky, Airtel, etc)",Yes,Yes,Recharge offers,500,I prefer OTT but it doesn't affect.
11-20,Student,Central,3-5 hrs,Don't watch,1,1,4,Don't Watch,4,Right now i m watching hotstar so i prefer hotstar,Don't watch,Yes,No,500,My tv connection is disable,I prefer TV and it affects.
11-20,Student,Central,3-5 hrs,Don't watch,3,5,2,2,4,,"Dish TV(Tata aky, Airtel, etc)",Yes,Yes,,,I prefer OTT and it affects.
11-20,Student,Central,1-3 hrs,Don't watch,2,2,2,2,2,sony liv,Don't watch,Yes,Yes,100rs,230rs,I prefer OTT but it doesn't affect.
21-30,Full time working,Central,1-3 hrs,3-5 hrs,Don't Watch,Don't Watch,4,Don't Watch,5,YouTube ,Local cable,Yes,No,500,350,I prefer TV but it doesn't affect.
11-20,Student,Central,1-3 hrs,1-3 hrs,5,5,5,5,5,,"Dish TV(Tata aky, Airtel, etc)",Yes,Yes,,,I prefer OTT but it doesn't affect.
11-20,Student,Western,1-3 hrs,Don't watch,3,2,Don't Watch,Don't Watch,4,,Local cable,Yes,Yes,Nothing,,I prefer OTT but it doesn't affect.
21-30,Student,Western,1-3 hrs,Don't watch,Don't Watch,Don't Watch,4,Don't Watch,3,,Don't watch,Yes,Yes,,,I prefer OTT and it affects.
11-20,Student,Central,3-5 hrs,1-3 hrs,2,5,1,4,3,,Local cable,Yes,Yes,,300,I prefer OTT but it doesn't affect.
21-30,Student,Central,1-3 hrs,1-3 hrs,Don't Watch,Don't Watch,4,5,5,,"Dish TV(Tata aky, Airtel, etc)",No,Yes,,500,I prefer OTT and it affects.
21-30,Student,Central,1-3 hrs,1-3 hrs,2,1,1,Don't Watch,1,,Local cable,Yes,Yes,1000 -2000,380,I prefer OTT but it doesn't affect.
Below 10,Student,Central,1-3 hrs,3-5 hrs,4,3,2,Don't Watch,1,Sony liv,Local cable,Yes,Yes,149,250,I prefer OTT and it affects.
21-30,Student,Central,1-3 hrs,1-3 hrs,1,1,Don't Watch,2,5,Hotstar,Local cable,Yes,No,350,400,I prefer OTT and it affects.
21-30,Student,Western,1-3 hrs,Don't watch,1,3,2,Don't Watch,4,None,"Dish TV(Tata aky, Airtel, etc)",No,Yes,,,I prefer OTT but it doesn't affect.
11-20,Student,Central,Don't watch,Don't watch,Don't Watch,3,Don't Watch,1,5,,Don't watch,No,Yes,,,I prefer OTT but it doesn't affect.
21-30,Full time working,Central,1-3 hrs,1-3 hrs,3,3,3,3,3,Zee5,Local cable,Yes,Yes,1000,Na,I prefer OTT and it affects.
11-20,Student,Central,1-3 hrs,5-7 hrs,Don't Watch,Don't Watch,1,1,5,Nothing ,"Dish TV(Tata aky, Airtel, etc)",Yes,No,I don't pay ,,I prefer TV but it doesn't affect.
11-20,Student,Central,1-3 hrs,Don't watch,Don't Watch,4,2,Don't Watch,4,,Don't watch,No,Yes,,,I prefer OTT but it doesn't affect.
21-30,Full time working,Central,1-3 hrs,1-3 hrs,5,3,3,1,4,Mx player ,"Dish TV(Tata aky, Airtel, etc)",Yes,Yes,129,799,I prefer OTT but it doesn't affect.
11-20,Student,Central,1-3 hrs,1-3 hrs,4,4,4,2,4,,Local cable,Yes,Yes,0,0,I prefer OTT but it doesn't affect.
11-20,Student,Central,3-5 hrs,3-5 hrs,Don't Watch,1,1,5,5,No other OTT platform i preferred,Local cable,Yes,Yes,199,450,I prefer OTT but it doesn't affect.
11-20,Student,Central,1-3 hrs,Don't watch,4,5,4,4,3,None,Don't watch,Yes,Yes,200,None ,I prefer OTT but it doesn't affect.
11-20,Student,Central,5-7 hrs,Don't watch,2,5,Don't Watch,2,4,Dramacool,Local cable,No,Yes,"Netflix- 400, Amazon- 399( for three months)",600,I prefer OTT and it affects.
21-30,Full time working,Central,Don't watch,1-3 hrs,3,5,4,3,5,,Local cable,No,Yes,Not subscribed ,320,I prefer TV and it affects.
11-20,Student,Central,1-3 hrs,1-3 hrs,4,4,4,4,5,Nothing,"Dish TV(Tata aky, Airtel, etc)",No,Yes,Nothing,300,I prefer TV and it affects.
11-20,Student,Western,5-7 hrs,1-3 hrs,Don't Watch,5,4,3,5,Prime,Local cable,Yes,Yes,600,1000,I prefer OTT and it affects.
11-20,Student,Central,Don't watch,1-3 hrs,4,4,3,2,3,,"Dish TV(Tata aky, Airtel, etc)",No,Yes,,,I prefer OTT but it doesn't affect.
11-20,Student,Harbour,1-3 hrs,Don't watch,Don't Watch,Don't Watch,5,Don't Watch,5,,Don't watch,No,Yes,,,I prefer OTT but it doesn't affect.
11-20,Student,Central,1-3 hrs,1-3 hrs,Don't Watch,Don't Watch,Don't Watch,Don't Watch,3,,Local cable,Yes,No,200,245,I prefer OTT but it doesn't affect.
21-30,Full time working,Central,1-3 hrs,1-3 hrs,Don't Watch,Don't Watch,Don't Watch,Don't Watch,2,,Local cable,Yes,Yes,,,I prefer OTT and it affects.
11-20,Student,Central,1-3 hrs,3-5 hrs,Don't Watch,Don't Watch,Don't Watch,Don't Watch,5,No other ,Local cable,No,Yes,I don’t watch OTT platforms ,399,I prefer TV and it affects.
11-20,Student,Harbour,1-3 hrs,Don't watch,3,2,1,Don't Watch,1,Netflix ,Don't watch,Yes,Yes,299-399,0,I prefer OTT but it doesn't affect.
11-20,Student,Central,1-3 hrs,5-7 hrs,Don't Watch,1,2,3,5,None,"Dish TV(Tata aky, Airtel, etc)",Yes,No,None,Phone pe,I prefer TV and it affects.
21-30,Student,Harbour,3-5 hrs,5-7 hrs,Don't Watch,1,2,3,4,No,"Dish TV(Tata aky, Airtel, etc)",No,Yes,No,No,I prefer OTT but it doesn't affect.
11-20,Student,Central,3-5 hrs,Don't watch,4,5,2,Don't Watch,5,Viki rakuten ,"Dish TV(Tata aky, Airtel, etc)",No,Yes,199rs,500rs,I prefer OTT but it doesn't affect.
11-20,Student,Central,1-3 hrs,1-3 hrs,2,3,Don't Watch,Don't Watch,3,"Youtube, netflix",Local cable,Yes,Yes,Free,400,I prefer OTT but it doesn't affect.
11-20,Student,Central,3-5 hrs,Don't watch,4,3,3,Don't Watch,2,amazon prime,Don't watch,Yes,Yes,i dont ,i dont own one,I prefer OTT and it affects.
21-30,Student,Harbour,3-5 hrs,3-5 hrs,Don't Watch,5,1,3,5,NA,Local cable,Yes,Yes,NA,400,I prefer OTT but it doesn't affect.
21-30,Student,Central,Don't watch,1-3 hrs,Don't Watch,Don't Watch,Don't Watch,Don't Watch,5,Na,Local cable,No,Yes,Na,500,I prefer TV but it doesn't affect.
21-30,Student,Central,1-3 hrs,1-3 hrs,3,5,Don't Watch,Don't Watch,5,,"Dish TV(Tata aky, Airtel, etc)",Yes,Yes,99,125,I prefer TV but it doesn't affect.
21-30,Student,Central,1-3 hrs,1-3 hrs,4,5,4,3,5,,"Dish TV(Tata aky, Airtel, etc)",Yes,No,,400,I prefer TV but it doesn't affect.
11-20,Student,Central,5-7 hrs,1-3 hrs,Don't Watch,Don't Watch,Don't Watch,2,4,Zee5,"Dish TV(Tata aky, Airtel, etc)",Yes,Yes,399,325,I prefer OTT and it affects.
21-30,Student,Harbour,1-3 hrs,1-3 hrs,4,5,4,2,5,I mostly watch YouTube coz it's free other than that i had Amazon prime ,Local cable,Yes,Yes,999,400,I prefer OTT and it affects.
11-20,Student,Central,1-3 hrs,Don't watch,Don't Watch,5,5,Don't Watch,5,,Don't watch,Yes,Yes,,,I prefer OTT and it affects.
21-30,Student,Harbour,Don't watch,1-3 hrs,4,5,3,1,5,None,Local cable,No,Yes,1000,500,I prefer OTT but it doesn't affect.
21-30,Student,Harbour,1-3 hrs,3-5 hrs,4,4,3,3,4,,"Dish TV(Tata aky, Airtel, etc)",Yes,No,NA,NA,I prefer TV and it affects.
11-20,Student,Central,3-5 hrs,Don't watch,Don't Watch,Don't Watch,1,Don't Watch,2,Telegram,Don't watch,Yes,Yes,Nothing,150,I prefer OTT and it affects.
11-20,Student,Central,3-5 hrs,1-3 hrs,2,4,4,4,5,Sony LIV,"Dish TV(Tata aky, Airtel, etc)",Yes,Yes,0,650,I prefer OTT and it affects.
11-20,Student,Central,1-3 hrs,Don't watch,4,4,2,2,4,Netflix,"Dish TV(Tata aky, Airtel, etc)",Yes,Yes,400,300,I prefer OTT and it affects.
11-20,Student,Harbour,3-5 hrs,1-3 hrs,4,5,5,5,5,..,Don't watch,Yes,Yes,..,..,I prefer OTT and it affects.
21-30,Unemployed,Central,3-5 hrs,1-3 hrs,4,5,4,4,4,Sony Liv,"Dish TV(Tata aky, Airtel, etc)",No,Yes,2000,283,I prefer OTT and it affects.
21-30,Student,Central,Don't watch,3-5 hrs,Don't Watch,Don't Watch,Don't Watch,Don't Watch,3,,"Dish TV(Tata aky, Airtel, etc)",No,,0,500,I prefer TV but it doesn't affect.
11-20,Student,Central,Don't watch,Don't watch,Don't Watch,1,Don't Watch,Don't Watch,4,,Local cable,Yes,No,DK,DK,I prefer OTT but it doesn't affect.
11-20,Student,Central,1-3 hrs,Don't watch,Don't Watch,Don't Watch,1,Don't Watch,1,,Local cable,No,Yes,0,300,I prefer OTT and it affects.
11-20,Student,Central,3-5 hrs,Don't watch,3,3,1,1,3,,Don't watch,Yes,Yes,0,400,I prefer OTT and it affects.
11-20,Student,Central,1-3 hrs,Don't watch,Don't Watch,Don't Watch,2,2,5,Youtube,Don't watch,Yes,Yes,Not use subscription OTT,300,I prefer OTT but it doesn't affect.
11-20,Student,Central,More than 9 hrs,Don't watch,5,5,5,3,5,None,Local cable,Yes,Yes,2k-3k,1k,I prefer OTT but it doesn't affect.
11-20,Student,Central,1-3 hrs,3-5 hrs,Don't Watch,Don't Watch,Don't Watch,Don't Watch,4,Not ,Local cable,Yes,Yes,400,150,I prefer OTT and it affects.
11-20,Student,Central,1-3 hrs,Don't watch,Don't Watch,3,Don't Watch,Don't Watch,4,None,Don't watch,Yes,,,,I prefer OTT but it doesn't affect.
21-30,Student,Central,7-9 hrs,1-3 hrs,5,5,4,3,3,,"Dish TV(Tata aky, Airtel, etc)",No,Yes,Telegram,It's free,I prefer OTT and it affects.
11-20,Student,Central,1-3 hrs,Don't watch,4,5,5,3,4,,Don't watch,No,Yes,,,I prefer OTT but it doesn't affect.
11-20,Student,Central,1-3 hrs,1-3 hrs,5,5,5,5,Don't Watch,Not other OTT platform than above mentioned ,Local cable,Yes,Yes,100,400,I prefer OTT but it doesn't affect.
11-20,Student,Central,1-3 hrs,1-3 hrs,Don't Watch,Don't Watch,2,Don't Watch,5,I don't prefer Ott platform because all of them are paid ,Local cable,Yes,Yes,Nothing,450,I prefer TV but it doesn't affect.
21-30,Student,Western,1-3 hrs,1-3 hrs,5,5,5,2,4,,Local cable,Yes,Yes,,,I prefer OTT but it doesn't affect.
21-30,Student,Central,1-3 hrs,1-3 hrs,Don't Watch,Don't Watch,Don't Watch,Don't Watch,3,No ,Local cable,Yes,Yes,I watch You Tube only,250₹,I prefer OTT and it affects.
11-20,Student,Western,1-3 hrs,3-5 hrs,4,3,4,4,5,,Local cable,Yes,Yes,116,300,I prefer OTT but it doesn't affect.
11-20,Student,Central,1-3 hrs,Don't watch,4,4,4,Don't Watch,4,Netflix,Don't watch,No,Yes,800,350,I prefer OTT but it doesn't affect.
21-30,Student,Central,1-3 hrs,Don't watch,Don't Watch,Don't Watch,1,5,5,sonylive ,Local cable,Yes,Yes,zero,200,I prefer OTT but it doesn't affect.
11-20,Student,Harbour,Don't watch,Don't watch,Don't Watch,4,Don't Watch,Don't Watch,5,There are few online websites for free,"Dish TV(Tata aky, Airtel, etc)",Yes,Yes,,I guess around 500 something,I prefer TV but it doesn't affect.
11-20,Student,Harbour,1-3 hrs,Don't watch,3,5,4,5,4,Zee5 ,Don't watch,Yes,Yes,I have yearly subscription for all ,Nil ,I prefer OTT but it doesn't affect.
11-20,Student,Central,More than 9 hrs,1-3 hrs,4,3,3,Don't Watch,5,I prefer live performances,"Dish TV(Tata aky, Airtel, etc)",Yes,Yes,I don't.....,around 200,I prefer OTT and it affects.
11-20,Student,Western,1-3 hrs,Don't watch,4,4,3,Don't Watch,3,Netflix ,Don't watch,Yes,Yes,1000 Rs.,0,I prefer OTT but it doesn't affect.
11-20,Full time working,Central,1-3 hrs,Don't watch,3,3,3,1,3,Netflix,"Dish TV(Tata aky, Airtel, etc)",Yes,Yes,500,250,I prefer OTT and it affects.
11-20,Student,Central,1-3 hrs,1-3 hrs,5,4,4,4,4,No only these ,"Dish TV(Tata aky, Airtel, etc)",Yes,Yes,₹200,355,I prefer OTT but it doesn't affect.
11-20,Student,Central,1-3 hrs,1-3 hrs,1,5,5,1,5,,"Dish TV(Tata aky, Airtel, etc)",Yes,Yes,,,I prefer OTT but it doesn't affect.
11-20,Student,Harbour,Don't watch,1-3 hrs,Don't Watch,Don't Watch,Don't Watch,Don't Watch,5,None. I don't watch,Local cable,No,Yes,None,About ₹350 to ₹400,I prefer OTT and it affects.
21-30,Student,Central,Don't watch,1-3 hrs,Don't Watch,Don't Watch,Don't Watch,Don't Watch,3,No,"Dish TV(Tata aky, Airtel, etc)",No,Yes,No information,400,I prefer TV but it doesn't affect.
31-40,Housewife,Central,3-5 hrs,1-3 hrs,1,2,1,3,1,No,"Dish TV(Tata aky, Airtel, etc)",No,Yes,500,400,I prefer OTT and it affects.
11-20,Student,Central,Don't watch,Don't watch,2,Don't Watch,3,Don't Watch,3,Zee5 ,Don't watch,No,Yes,Don't pay ,No idea!,I prefer OTT and it affects.
21-30,Student,Central,1-3 hrs,Don't watch,1,1,1,1,3,May be instagram,Don't watch,Yes,Yes,May be 800,May be 300,I prefer OTT but it doesn't affect.
11-20,Student,Central,1-3 hrs,Don't watch,Don't Watch,Don't Watch,5,1,5,,Local cable,Yes,Yes,,,I prefer OTT but it doesn't affect.
11-20,Student,Central,1-3 hrs,Don't watch,4,2,3,Don't Watch,4,None,Don't watch,Yes,Yes,,,I prefer OTT but it doesn't affect.
11-20,Student,Western,1-3 hrs,1-3 hrs,3,4,2,Don't Watch,5,,Local cable,Yes,Yes,200/-,250/-,I prefer OTT and it affects.
11-20,Student,Central,1-3 hrs,Don't watch,Don't Watch,Don't Watch,Don't Watch,Don't Watch,5,,Don't watch,Yes,Yes,,,I prefer OTT and it affects.
11-20,Student,Central,Don't watch,1-3 hrs,1,1,1,1,1,TV,Local cable,Yes,Yes,Nothing,Nothing,I prefer TV but it doesn't affect.
11-20,Student,Central,1-3 hrs,1-3 hrs,Don't Watch,Don't Watch,Don't Watch,Don't Watch,4,,Local cable,Yes,Yes,,,I prefer OTT and it affects.
11-20,Student,Central,Don't watch,3-5 hrs,5,5,5,2,5,,Don't watch,No,,,,I prefer OTT and it affects.
11-20,Student,Central,3-5 hrs,1-3 hrs,2,2,3,1,3,Youtube,"Dish TV(Tata aky, Airtel, etc)",Yes,Yes,Nothing,460,I prefer OTT and it affects.
11-20,Student,Central,1-3 hrs,Don't watch,1,Don't Watch,4,Don't Watch,5,,Don't watch,No,Yes,,,I prefer OTT and it affects.
11-20,Student,Central,1-3 hrs,1-3 hrs,Don't Watch,Don't Watch,Don't Watch,Don't Watch,4,You tube,Local cable,No,Yes,Nothing,250,I prefer TV but it doesn't affect.
11-20,Student,Harbour,1-3 hrs,Don't watch,2,3,Don't Watch,Don't Watch,3,,Local cable,Yes,Yes,,Don't know ,I prefer OTT and it affects.
21-30,Student,Central,Don't watch,1-3 hrs,Don't Watch,Don't Watch,2,Don't Watch,5,,"Dish TV(Tata aky, Airtel, etc)",No,Yes,,,I prefer TV but it doesn't affect.
41-50,Part time working,Central,3-5 hrs,Don't watch,5,5,5,Don't Watch,3,Zee5,Local cable,Yes,Yes,200,800,I prefer OTT but it doesn't affect.
11-20,Student,Central,1-3 hrs,1-3 hrs,Don't Watch,Don't Watch,Don't Watch,1,2,,Local cable,No,Yes,Free through wifi,350,I prefer TV but it doesn't affect.
11-20,Student,Central,Don't watch,1-3 hrs,Don't Watch,4,Don't Watch,Don't Watch,5,Noo,"Dish TV(Tata aky, Airtel, etc)",No,Yes,,800,I prefer TV but it doesn't affect.
11-20,Student,Central,1-3 hrs,3-5 hrs,Don't Watch,4,2,1,5,,Local cable,No,No,,,I prefer TV and it affects.
11-20,Student,Central,Don't watch,Don't watch,Don't Watch,Don't Watch,Don't Watch,Don't Watch,Don't Watch,,Don't watch,No,,,,I prefer TV but it doesn't affect.
11-20,Student,Western,3-5 hrs,3-5 hrs,Don't Watch,Don't Watch,3,1,5,"Youtube, Disney Hotstar, Zee5, Voot","Dish TV(Tata aky, Airtel, etc)",No,No,Don't know,Don't know,I prefer OTT and it affects.
11-20,Student,Central,1-3 hrs,Don't watch,Don't Watch,4,4,3,3,Tedx,Don't watch,Yes,Yes,800,220,I prefer OTT but it doesn't affect.
11-20,Student,Central,1-3 hrs,Don't watch,3,3,Don't Watch,Don't Watch,3,,Don't watch,Yes,Yes,Friend pay,400,I prefer OTT and it affects.
11-20,Student,Harbour,Don't watch,1-3 hrs,Don't Watch,5,Don't Watch,5,5,,Local cable,No,Yes,,360,I prefer TV but it doesn't affect.
21-30,Full time working,Harbour,1-3 hrs,Don't watch,4,4,4,Don't Watch,3,None,Don't watch,No,Yes,500,0,I prefer OTT and it affects.
11-20,Student,Central,Don't watch,Don't watch,Don't Watch,Don't Watch,Don't Watch,Don't Watch,1,No,Don't watch,No,No,0,500,I prefer TV and it affects.
11-20,Student,Central,5-7 hrs,Don't watch,4,5,4,5,5,,Don't watch,No,Yes,199,I don't,I prefer OTT but it doesn't affect.
11-20,Student,Central,Don't watch,Don't watch,Don't Watch,Don't Watch,3,Don't Watch,5,,"Dish TV(Tata aky, Airtel, etc)",Yes,Yes,,350,I prefer TV and it affects.
11-20,Student,Harbour,Don't watch,1-3 hrs,Don't Watch,2,1,Don't Watch,2,Netflix,Local cable,Yes,Yes,200,500,I prefer OTT and it affects.
11-20,Student,Central,1-3 hrs,Don't watch,2,3,2,1,3,Sony Liv,"Dish TV(Tata aky, Airtel, etc)",No,Yes,Around 500 in total,NA,I prefer OTT and it affects.
11-20,Student,Western,Don't watch,1-3 hrs,3,Don't Watch,2,2,2,Prime,"Dish TV(Tata aky, Airtel, etc)",Yes,Yes,400,400,I prefer OTT and it affects.
11-20,Student,Central,1-3 hrs,1-3 hrs,4,4,4,2,5,YouTube ,Local cable,Yes,Yes,Not paid yet no idea ,400,I prefer OTT but it doesn't affect.
11-20,Student,Central,1-3 hrs,3-5 hrs,3,5,4,Don't Watch,5,Sony Liv,"Dish TV(Tata aky, Airtel, etc)",Yes,Yes,199 for Netflix and 399 for hotstar,384,I prefer TV but it doesn't affect.
11-20,Student,Central,Don't watch,5-7 hrs,1,1,1,2,4,Youtube,"Dish TV(Tata aky, Airtel, etc)",Yes,Yes,Can't tell excatly,250,I prefer TV but it doesn't affect.
11-20,Student,Central,5-7 hrs,Don't watch,Don't Watch,Don't Watch,5,4,5,Zee5,Don't watch,Yes,Yes,Rs.1278,No installed,I prefer OTT but it doesn't affect.
21-30,Student,Central,1-3 hrs,Don't watch,Don't Watch,Don't Watch,Don't Watch,Don't Watch,3,YouTube ,Don't watch,Yes,Yes,None,None,I prefer OTT and it affects.
11-20,Student,Central,1-3 hrs,3-5 hrs,2,2,2,1,3,MX player,"Dish TV(Tata aky, Airtel, etc)",Yes,Yes,400,500,I prefer OTT but it doesn't affect.
11-20,Student,Western,Don't watch,Don't watch,Don't Watch,Don't Watch,2,Don't Watch,1,No one,Local cable,No,Yes,Nothing,400 approx,I prefer OTT and it affects.
11-20,Student,Central,1-3 hrs,3-5 hrs,Don't Watch,Don't Watch,5,5,5,Youtube,"Dish TV(Tata aky, Airtel, etc)",Yes,Yes,400,1200,I prefer OTT but it doesn't affect.
11-20,Student,Central,3-5 hrs,1-3 hrs,3,4,4,Don't Watch,5,"Viki, We Tv",Local cable,No,Yes,500₹,660₹,I prefer OTT but it doesn't affect.
11-20,Student,Central,1-3 hrs,Don't watch,4,5,3,3,4,,"Dish TV(Tata aky, Airtel, etc)",No,Yes,,Around 500,I prefer OTT and it affects.
21-30,Student,Central,1-3 hrs,1-3 hrs,4,3,5,4,5,Amazon prime ,Local cable,No,Yes,400,500,I prefer OTT but it doesn't affect.
11-20,Student,Central,5-7 hrs,Don't watch,2,2,1,Don't Watch,3,YouTube,"Dish TV(Tata aky, Airtel, etc)",No,,Torrent,,I prefer OTT but it doesn't affect.
11-20,Student,Central,1-3 hrs,Don't watch,Don't Watch,Don't Watch,Don't Watch,Don't Watch,4,Zee5,Local cable,Yes,Yes,150,0,I prefer OTT and it affects.
11-20,Student,Central,1-3 hrs,Don't watch,Don't Watch,Don't Watch,Don't Watch,Don't Watch,1,,Local cable,Yes,,,,I prefer OTT but it doesn't affect.
11-20,Student,Harbour,1-3 hrs,3-5 hrs,Don't Watch,Don't Watch,Don't Watch,1,3,Maxplayer,Local cable,Yes,Yes,Nothing ,100-200,I prefer OTT but it doesn't affect.
11-20,Student,Western,Don't watch,1-3 hrs,5,5,Don't Watch,Don't Watch,5,None,Don't watch,Yes,Yes,1500,Dk,I prefer OTT but it doesn't affect.
11-20,Student,Western,1-3 hrs,1-3 hrs,Don't Watch,2,1,1,2,,"Dish TV(Tata aky, Airtel, etc)",Yes,No,,,I prefer OTT but it doesn't affect.
11-20,Student,Central,1-3 hrs,Don't watch,5,4,3,3,5,,Local cable,Yes,Yes,Nothing ,,I prefer OTT and it affects.
11-20,Student,Central,3-5 hrs,3-5 hrs,Don't Watch,5,Don't Watch,Don't Watch,4,AnimeDLR,Local cable,Yes,Yes,200,310,I prefer OTT and it affects.
11-20,Student,Central,Don't watch,1-3 hrs,2,2,3,3,5,None,Local cable,No,No,,,I prefer TV but it doesn't affect.
11-20,Student,Western,1-3 hrs,Don't watch,2,3,1,1,3,,Don't watch,No,Yes,None,None,I prefer OTT and it affects.
11-20,Student,Central,Don't watch,5-7 hrs,Don't Watch,Don't Watch,Don't Watch,Don't Watch,2,No,Local cable,No,No,No,400,I prefer TV and it affects.
11-20,Student,Central,1-3 hrs,Don't watch,4,3,4,Don't Watch,5,Sony liv,Don't watch,No,Yes,199,415,I prefer OTT and it affects.
11-20,Student,Central,1-3 hrs,1-3 hrs,5,5,5,Don't Watch,5,Sony liv,Local cable,No,Yes,,,I prefer OTT but it doesn't affect.
11-20,Student,Central,1-3 hrs,Don't watch,Don't Watch,Don't Watch,3,Don't Watch,5,None,Don't watch,Yes,Yes,30,0,I prefer OTT but it doesn't affect.
11-20,Student,Western,1-3 hrs,Don't watch,4,4,3,2,5,____,Don't watch,Yes,Yes,.,Dont watch,I prefer OTT but it doesn't affect.
11-20,Student,Western,1-3 hrs,1-3 hrs,1,2,3,3,3,No other ,Local cable,Yes,Yes,199/ month,I don't,I prefer OTT but it doesn't affect.
11-20,Student,Central,Don't watch,Don't watch,2,Don't Watch,2,2,1,None,"Dish TV(Tata aky, Airtel, etc)",No,Yes,Nothing,Smart tv,I prefer OTT but it doesn't affect.
11-20,Student,Central,5-7 hrs,1-3 hrs,Don't Watch,5,4,Don't Watch,5,"Viki rakuten, we tv",Local cable,Yes,Yes,0,400,I prefer OTT and it affects.
21-30,Full time working,Central,3-5 hrs,1-3 hrs,3,3,3,1,3,NA,"Dish TV(Tata aky, Airtel, etc)",Yes,Yes,500-1000,2000-3000,I prefer OTT but it doesn't affect.
11-20,Student,Central,1-3 hrs,Don't watch,Don't Watch,4,1,Don't Watch,5,,Don't watch,Yes,Yes,200,,I prefer OTT and it affects.
11-20,Student,Western,1-3 hrs,Don't watch,Don't Watch,Don't Watch,Don't Watch,Don't Watch,4,YouTube ,Don't watch,Yes,Yes,I dont remember ,I dont use TV ,I prefer OTT and it affects.
11-20,Student,Central,1-3 hrs,Don't watch,3,5,1,2,3,Always Netflix,Local cable,Yes,Yes,,,I prefer OTT and it affects.
11-20,Student,Central,Don't watch,Don't watch,Don't Watch,Don't Watch,Don't Watch,Don't Watch,5,Xvideos,Don't watch,No,No,Rs.0,Rs.0,I prefer OTT and it affects.
11-20,Student,Central,1-3 hrs,Don't watch,5,5,5,5,5,,Local cable,Yes,Yes,,,I prefer OTT but it doesn't affect.
11-20,Student,Central,1-3 hrs,Don't watch,5,5,3,Don't Watch,5,Mx player,Don't watch,Yes,Yes,199,,I prefer OTT but it doesn't affect.
11-20,Student,Central,1-3 hrs,1-3 hrs,Don't Watch,Don't Watch,Don't Watch,Don't Watch,3,I prefer youtube,"Dish TV(Tata aky, Airtel, etc)",Yes,Yes,600,403,I prefer TV and it affects.
11-20,Student,Central,Don't watch,1-3 hrs,Don't Watch,Don't Watch,Don't Watch,Don't Watch,2,None,Local cable,No,No,,,I prefer TV and it affects.
11-20,Student,Central,1-3 hrs,1-3 hrs,3,3,2,2,4,,"Dish TV(Tata aky, Airtel, etc)",Yes,No,,,I prefer TV but it doesn't affect.
11-20,Student,Central,Don't watch,1-3 hrs,Don't Watch,Don't Watch,Don't Watch,Don't Watch,5,,Local cable,No,No,,,I prefer TV but it doesn't affect.
11-20,Student,Central,3-5 hrs,Don't watch,5,5,1,1,5,,Don't watch,No,Yes,,,I prefer OTT but it doesn't affect.
11-20,Student,Central,Don't watch,5-7 hrs,Don't Watch,Don't Watch,Don't Watch,Don't Watch,2,,Local cable,No,No,0,307,I prefer OTT and it affects.
21-30,Student,Central,1-3 hrs,Don't watch,4,4,3,3,3,Amazon prime,"Dish TV(Tata aky, Airtel, etc)",Yes,Yes,100 or so.,250,I prefer OTT and it affects.
21-30,Student,Harbour,1-3 hrs,Don't watch,4,3,1,Don't Watch,5,,Don't watch,Yes,Yes,60,0,I prefer OTT but it doesn't affect.
11-20,Student,Central,1-3 hrs,Don't watch,1,Don't Watch,5,5,5,"WeTV ,MX player",Don't watch,Yes,Yes,0,0,I prefer OTT and it affects.
11-20,Student,Central,3-5 hrs,1-3 hrs,4,4,4,3,4,Viki,Local cable,Yes,Yes,600,400,I prefer OTT but it doesn't affect.
11-20,Student,Central,Don't watch,1-3 hrs,2,2,1,1,4,,Local cable,No,No,Dont pay,400 rs,I prefer TV and it affects.
11-20,Student,Central,5-7 hrs,Don't watch,2,5,3,3,4,TWITTER,Don't watch,No,Yes,Basically I prefer free,0,I prefer OTT but it doesn't affect.
11-20,Student,Central,More than 9 hrs,Don't watch,5,5,4,3,5,Viki sonyliv,"Dish TV(Tata aky, Airtel, etc)",Yes,Yes,,Approximately 1500,I prefer OTT but it doesn't affect.
11-20,Student,Western,3-5 hrs,1-3 hrs,5,5,Don't Watch,Don't Watch,5,,Local cable,Yes,Yes,,,I prefer OTT and it affects.
21-30,Student,Central,1-3 hrs,Don't watch,3,3,1,Don't Watch,4,,Local cable,Yes,Yes,,,I prefer OTT and it affects.
11-20,Student,Central,1-3 hrs,Don't watch,Don't Watch,5,Don't Watch,Don't Watch,5,,Don't watch,Yes,Yes,200Rs,,I prefer OTT but it doesn't affect.
11-20,Student,Harbour,3-5 hrs,5-7 hrs,4,5,Don't Watch,Don't Watch,3,,Don't watch,Yes,Yes,0,0,I prefer OTT but it doesn't affect.
11-20,Student,Central,5-7 hrs,3-5 hrs,4,5,3,2,4,Mxplayer ,"Dish TV(Tata aky, Airtel, etc)",No,Yes,500,400,I prefer OTT and it affects.
21-30,Full time working,Western,3-5 hrs,Don't watch,3,5,4,Don't Watch,2,,"Dish TV(Tata aky, Airtel, etc)",Yes,Yes,0,500,I prefer OTT but it doesn't affect.
Above 50,Housewife,Harbour,3-5 hrs,5-7 hrs,1,2,5,4,Don't Watch,Sony sab,"Dish TV(Tata aky, Airtel, etc)",No,No,500,900,I prefer OTT but it doesn't affect.
11-20,Student,Central,5-7 hrs,3-5 hrs,5,5,5,Don't Watch,4,,Local cable,Yes,Yes,,,I prefer OTT and it affects.
11-20,Student,Central,1-3 hrs,1-3 hrs,1,2,3,4,5,sony pal,"Dish TV(Tata aky, Airtel, etc)",No,Yes,,,I prefer OTT and it affects.
21-30,Student,Central,3-5 hrs,3-5 hrs,4,5,4,2,5,Sony liv ,"Dish TV(Tata aky, Airtel, etc)",Yes,Yes,199 to 399,383,I prefer TV but it doesn't affect.
11-20,Student,Central,1-3 hrs,1-3 hrs,3,3,Don't Watch,Don't Watch,3,"Gogoanime,crunchyroll ","Dish TV(Tata aky, Airtel, etc)",Yes,Yes,Priating,Idk,I prefer OTT and it affects.
11-20,Student,Central,1-3 hrs,1-3 hrs,Don't Watch,3,Don't Watch,Don't Watch,3,,"Dish TV(Tata aky, Airtel, etc)",Yes,No,,300,I prefer OTT and it affects.
21-30,Student,Central,1-3 hrs,Don't watch,2,1,3,4,3,None ,Local cable,Yes,Yes,Amazon prime rest is shared among friends so almost 100 rs,,I prefer OTT and it affects.
11-20,Student,Central,3-5 hrs,3-5 hrs,3,1,Don't Watch,Don't Watch,3,Telegram and MX Player,"Dish TV(Tata aky, Airtel, etc)",Yes,Yes,400,849,I prefer OTT but it doesn't affect.
11-20,Student,Central,1-3 hrs,3-5 hrs,5,5,5,5,5,Yupp TV,"Dish TV(Tata aky, Airtel, etc)",Yes,Yes,490,350,I prefer OTT but it doesn't affect.
11-20,Student,Central,1-3 hrs,Don't watch,3,5,3,3,4,.,Local cable,Yes,Yes,200,,I prefer OTT and it affects.
11-20,Student,Western,1-3 hrs,Don't watch,4,5,3,1,5,none,Local cable,Yes,Yes,1000,3000,I prefer OTT and it affects.
21-30,Student,Central,1-3 hrs,5-7 hrs,4,2,3,2,5,Airtel xstream,Local cable,Yes,Yes,200,600,I prefer TV but it doesn't affect.
11-20,Student,Central,1-3 hrs,Don't watch,Don't Watch,Don't Watch,Don't Watch,Don't Watch,4,,Don't watch,No,Yes,Free..just mobile data,200,I prefer OTT and it affects.
11-20,Student,Central,1-3 hrs,Don't watch,3,3,3,Don't Watch,4,,Don't watch,No,Yes,I sell OTT platforms ,Zero,I prefer OTT but it doesn't affect.
21-30,Student,Western,1-3 hrs,Don't watch,Don't Watch,3,Don't Watch,Don't Watch,4,,Local cable,No,Yes,,,I prefer OTT and it affects.
21-30,Full time working,Central,1-3 hrs,Don't watch,5,1,5,5,3,Na,Don't watch,Yes,Yes,Yearly 500,Na,I prefer OTT but it doesn't affect.
11-20,Student,Central,1-3 hrs,Don't watch,Don't Watch,Don't Watch,Don't Watch,Don't Watch,2,,Don't watch,No,,,,I prefer OTT and it affects.
21-30,Student,Central,1-3 hrs,1-3 hrs,Don't Watch,Don't Watch,1,Don't Watch,2,,"Dish TV(Tata aky, Airtel, etc)",No,No,,329,I prefer TV but it doesn't affect.
21-30,Student,Central,1-3 hrs,1-3 hrs,Don't Watch,Don't Watch,Don't Watch,Don't Watch,4,None,Local cable,No,Yes,150,300,I prefer OTT and it affects.
21-30,Student,Harbour,1-3 hrs,1-3 hrs,Don't Watch,Don't Watch,Don't Watch,Don't Watch,4,,"Dish TV(Tata aky, Airtel, etc)",No,No,400,370,I prefer TV and it affects.
Above 50,Full time working,Western,Don't watch,1-3 hrs,Don't Watch,Don't Watch,1,Don't Watch,4,NA,Local cable,No,No,NA,Bank Transfer,I prefer TV but it doesn't affect.
41-50,Full time working,Harbour,5-7 hrs,Don't watch,4,5,4,2,4,Zee5,"Dish TV(Tata aky, Airtel, etc)",Yes,Yes,1025,0,I prefer OTT but it doesn't affect.