{"metadata":{"asset_id":"5594dda7-9d26-423d-8e72-beba92a39850","asset_attributes":["data_asset"],"name":"OTT_VS_TV.csv","asset_type":"data_asset","created_at":"2021-09-20T18:49:08Z","description":"","origin_country":"us","owner_id":"IBMid-550006MMAS","project_id":"6b2d4e5f-7aac-4b1e-96df-14b8055cecf5","size":76693,"tags":[],"usage":{"last_update_time":1632163749223,"last_updated_at":"2021-09-20T18:49:09Z"}},"entity":{"data_asset":{"mime_type":"text/csv","dataset":false}},"attachments":[{"id":"8c51d344-49c4-4571-a86e-2b8d886b2568","version":2,"asset_type":"data_asset","name":"OTT_VS_TV.csv","mime":"text/csv","datasource_type":"193a97c1-4475-4a19-b90c-295c4fdc6517","object_key":"OTT_VS_TV.csv","creator_id":"IBMid-550006MMAS","create_time":1632163749222,"size":76693,"is_remote":false,"is_managed":false,"is_referenced":true,"is_object_key_read_only":true,"is_user_provided_path_key":true,"transfer_complete":true,"is_partitioned":false,"complete_time_ticks":1632163749222,"user_data":{},"test_doc":0,"handle":{"bucket":"modelbuilding-donotdelete-pr-tyg3hjynseqxco","location":"eu-geo","key":"OTT_VS_TV.csv","upload_id":"done","max_part_num":1},"usage":{"access_count":0,"last_accessor_id":"IBMid-550006MMAS","last_access_time":1632163749222}}]}
