{"metadata":{"asset_id":"5cea43ba-9193-4ebd-8362-a687ab38d377","asset_attributes":["data_asset"],"name":"Guess_the_Platform_modified.csv","asset_type":"data_asset","created_at":"2021-09-20T18:36:48Z","description":"","origin_country":"us","owner_id":"IBMid-550006MMAS","project_id":"6b2d4e5f-7aac-4b1e-96df-14b8055cecf5","size":292466,"tags":[],"usage":{"last_update_time":1632163009479,"last_updated_at":"2021-09-20T18:36:49Z"}},"entity":{"data_asset":{"mime_type":"text/csv","dataset":false}},"attachments":[{"id":"0118b823-697c-45dc-8e46-ad868d192e73","version":2,"asset_type":"data_asset","name":"Guess_the_Platform_modified.csv","mime":"text/csv","datasource_type":"193a97c1-4475-4a19-b90c-295c4fdc6517","object_key":"Guess_the_Platform_modified.csv","creator_id":"iam-ServiceId-f49c5558-c247-4983-a04f-7d3c7a3d55da","create_time":1632163009298,"size":292466,"is_remote":false,"is_managed":false,"is_referenced":true,"is_object_key_read_only":false,"is_user_provided_path_key":true,"transfer_complete":true,"is_partitioned":false,"complete_time_ticks":1632163009298,"user_data":{},"test_doc":0,"handle":{"bucket":"modelbuilding-donotdelete-pr-tyg3hjynseqxco","location":"eu-geo","key":"Guess_the_Platform_modified.csv","upload_id":"done","max_part_num":1},"usage":{"access_count":0,"last_accessor_id":"iam-ServiceId-f49c5558-c247-4983-a04f-7d3c7a3d55da","last_access_time":1632163009298}}]}
