{"metadata":{"asset_id":"dc06f04a-cbc7-4edc-be2c-ca86d8c7062a","asset_attributes":["notebook"],"name":"Guess_Platform","asset_type":"notebook","created_at":"2021-09-20T18:36:49Z","description":"","origin_country":"us","owner_id":"iam-ServiceId-9e68bc5f-c5f6-4f6f-8bcf-e57f47b9d1b1","project_id":"6b2d4e5f-7aac-4b1e-96df-14b8055cecf5","size":100964,"tags":["notebook"],"usage":{"last_update_time":1632165418147,"last_updated_at":"2021-09-20T19:16:58Z"}},"entity":{"notebook":{"kernel":{"name":"python3","display_name":"Python 3.8","language":"python"},"originates_from":{"type":"file"},"runtime":{"environment":"conda2py38-6b2d4e5f-7aac-4b1e-96df-14b8055cecf5"}}},"attachments":[{"id":"98bb7e2e-6fd5-4bfe-b431-5b26688e4099","version":2,"asset_type":"notebook","name":"attachment for notebook dc06f04a-cbc7-4edc-be2c-ca86d8c7062a","description":"attachment for notebook dc06f04a-cbc7-4edc-be2c-ca86d8c7062a","mime":"application/json","datasource_type":"193a97c1-4475-4a19-b90c-295c4fdc6517","object_key":"notebook/Guess_Platform_tHSpz8IuM.ipynb","creator_id":"IBMid-550006MMAS","create_time":1632163010591,"size":100964,"is_remote":false,"is_managed":false,"is_referenced":true,"is_object_key_read_only":false,"is_user_provided_path_key":true,"transfer_complete":true,"is_partitioned":false,"complete_time_ticks":1632163010591,"user_data":{},"test_doc":0,"handle":{"bucket":"modelbuilding-donotdelete-pr-tyg3hjynseqxco","location":"eu-geo","key":"notebook/Guess_Platform_tHSpz8IuM.ipynb","upload_id":"done","max_part_num":1},"usage":{"access_count":0,"last_accessor_id":"IBMid-550006MMAS","last_access_time":1632163010591}}]}
