{"metadata":{"asset_id":"c91acaae-fa83-43a0-8977-f24164bf5be9","asset_attributes":["wml_model"],"name":"Better_guess - P3 Random Forest Classifier","asset_type":"wml_model","created_at":"2021-09-20T18:48:36Z","description":"","origin_country":"us","owner_id":"IBMid-550006MMAS","project_id":"6b2d4e5f-7aac-4b1e-96df-14b8055cecf5","sandbox_id":"6b2d4e5f-7aac-4b1e-96df-14b8055cecf5","size":84903,"tags":[],"usage":{"last_update_time":1632163720294,"last_updated_at":"2021-09-20T18:48:40Z"}},"entity":{"wml_model":{"hybrid_pipeline_software_specs":[{"base_id":"da9b39c3-758c-5a4f-9cfd-457dd4d8c395","name":"autoai-kb_3.4-py3.8"}],"label_column":"Platform_preffered","pipeline":{"id":"f64948a2-3ba4-45bd-82a7-1cb9e4e74e95"},"metrics":[{"context":{"classes":["Amazon Prime","Any","Disney + Hotstar","Netflix","None","YouTube"],"features_importance":[{"computation_type":"","features":{"NewFeature_7_pca_7":0.31,"Don't watch":0.04,"Western":0.02,"NewFeature_5_pca_5":0.39,"NewFeature_6_pca_6":1,"Harbour":0.01,"NewFeature_13_pca_13":0.35,"NewFeature_11_pca_11":0.78,"Unemployed":0,"How much do you pay for OTT platforms on monthly basis ?":0.25,"NewFeature_4_pca_4":0.38,"NewFeature_14_pca_14":0.23,"Student":0.15,"NewFeature_9_pca_9":0.36,"OTT during Lockdown":0.77,"NewFeature_1_pca_1":0.7,"NewFeature_8_pca_8":0.39,"Part time working":0,"Housewife":0,"NewFeature_10_pca_10":0.43,"NewFeature_2_pca_2":0.55,"Age":0.62,"How much do you pay for TV on monthly basis ?":0.3,"Time_Spent":0.92,"Time_Spent_TV":0.25,"NewFeature_0_pca_0":0.64,"NewFeature_3_pca_3":0.38,"Retired":0,"Full time working":0.01,"Local cable":0.13,"Central":0.26,"Dish TV(Tata aky, Airtel, etc)":0.06,"NewFeature_12_pca_12":0.32,"OTT wins TV":0.69},"stage":"Mean"}],"intermediate_model":{"composition_steps":["TrainingDataset_full_2372_19","Column Selection","Split_TrainingHoldout","TrainingDataset_full_2134_19","Preprocessor_default","DAUB","hpo_d","cognito"],"duration":25294,"location":{"model":"auto_ml/cc4a562c-e213-47fb-9302-fc74c502e6b7/wml_data/a365a319-7b68-4546-be4b-8e9b4f04f37a/data/automl/cognito_output/Pipeline1/model.pickle","pipeline":"auto_ml/cc4a562c-e213-47fb-9302-fc74c502e6b7/wml_data/a365a319-7b68-4546-be4b-8e9b4f04f37a/data/automl/cognito_output/Pipeline1/pipeline.json","pipeline_model":"auto_ml/cc4a562c-e213-47fb-9302-fc74c502e6b7/wml_data/a365a319-7b68-4546-be4b-8e9b4f04f37a/data/automl/cognito_output/Pipeline1/pipeline-model.json"},"name":"P3","notebook_location":"auto_ml/cc4a562c-e213-47fb-9302-fc74c502e6b7/wml_data/a365a319-7b68-4546-be4b-8e9b4f04f37a/data/automl/cognito_output/Pipeline1/notebook.ipynb","pipeline_nodes":["ColumnSelector","PreprocessingTransformer","autoai_libs.cognito.transforms.transform_utils.pca","autoai_libs.cognito.transforms.transform_utils.FS1","RandomForestClassifier"],"process":"cognito_output","schema_location":"auto_ml/cc4a562c-e213-47fb-9302-fc74c502e6b7/wml_data/a365a319-7b68-4546-be4b-8e9b4f04f37a/data/automl/cognito_output/Pipeline1/schema.json"},"multi_class_classification":{"one_vs_all_location":"auto_ml/cc4a562c-e213-47fb-9302-fc74c502e6b7/wml_data/a365a319-7b68-4546-be4b-8e9b4f04f37a/data/automl/cognito_output/Pipeline1/one_vs_all.json"},"phase":"cognito_output","target_column":"Platform_preffered"},"ml_metrics":{"training_precision_weighted":0.9264715003143973,"holdout_f1_weighted":0.9258291635888075,"holdout_f1_macro":0.9258904011786774,"holdout_recall_micro":0.9240506329113924,"training_precision_macro":0.9265296368172101,"training_recall_micro":0.9255074394847879,"training_precision_micro":0.9255074394847879,"training_neg_log_loss":-0.5942189444723244,"holdout_recall_macro":0.9237891737891739,"holdout_neg_log_loss":-0.4285361667078133,"training_f1_macro":0.9254986725803441,"training_recall_weighted":0.9255074394847879,"holdout_precision_macro":0.9296296296296296,"holdout_precision_weighted":0.9292545710267229,"holdout_recall_weighted":0.9240506329113924,"holdout_accuracy":0.9240506329113924,"holdout_f1_micro":0.9240506329113924,"training_f1_micro":0.9255074394847879,"holdout_precision_micro":0.9240506329113924,"training_recall_macro":0.9256236701648094,"training_accuracy":0.9255074394847879,"training_f1_weighted":0.9254111606750417},"timestamp":"2021-09-20T18:45:16.000Z"}],"ml_version":"4.0.9","type":"wml-hybrid_0.1","schemas":{"input":[{"fields":[{"name":"Age","type":"integer"},{"name":"How much do you pay for OTT platforms on monthly basis ?","type":"double"},{"name":"How much do you pay for TV on monthly basis ?","type":"double"},{"name":"Time_Spent","type":"double"},{"name":"Time_Spent_TV","type":"double"},{"name":"OTT during Lockdown","type":"double"},{"name":"OTT wins TV","type":"double"},{"name":"Full time working","type":"integer"},{"name":"Housewife","type":"integer"},{"name":"Part time working","type":"integer"},{"name":"Retired","type":"integer"},{"name":"Student","type":"integer"},{"name":"Unemployed","type":"integer"},{"name":"Central","type":"integer"},{"name":"Harbour","type":"integer"},{"name":"Western","type":"integer"},{"name":"Dish TV(Tata aky, Airtel, etc)","type":"integer"},{"name":"Don't watch","type":"integer"},{"name":"Local cable","type":"integer"},{"name":"mode","type":"integer"},{"name":"Affect","type":"integer"}],"id":"auto_ai_kb_input_schema"}],"output":[]},"content_location":{"connection":{"access_key_id":"ec0a603f35b94f2f8cbd44e15857fa4a","endpoint_url":"https://s3.eu.cloud-object-storage.appdomain.cloud","secret_access_key":"d4efdf9b8ebb243b238fde304049d32051b522bb5595a0fc","accessKeyId":"ec0a603f35b94f2f8cbd44e15857fa4a"},"contents":[{"content_format":"pipeline-node","file_name":"P3_automl.zip","location":"auto_ml/cc4a562c-e213-47fb-9302-fc74c502e6b7/wml_data/a365a319-7b68-4546-be4b-8e9b4f04f37a/assets/a365a319-7b68-4546-be4b-8e9b4f04f37a_P3_cognito_output/resources/wml_model/P3_automl.zip","pipeline_node_id":"automl"},{"content_format":"native","file_name":"pipeline_model.json","location":"auto_ml/cc4a562c-e213-47fb-9302-fc74c502e6b7/wml_data/a365a319-7b68-4546-be4b-8e9b4f04f37a/assets/a365a319-7b68-4546-be4b-8e9b4f04f37a_P3_cognito_output/resources/wml_model/pipeline_model.json"}],"location":{"path":"auto_ml/cc4a562c-e213-47fb-9302-fc74c502e6b7/wml_data","notebooks_path":"auto_ml/cc4a562c-e213-47fb-9302-fc74c502e6b7/wml_data/a365a319-7b68-4546-be4b-8e9b4f04f37a/notebooks","training":"auto_ml/cc4a562c-e213-47fb-9302-fc74c502e6b7/wml_data/a365a319-7b68-4546-be4b-8e9b4f04f37a","training_status":"auto_ml/cc4a562c-e213-47fb-9302-fc74c502e6b7/wml_data/a365a319-7b68-4546-be4b-8e9b4f04f37a/training-status.json","bucket":"modelbuilding-donotdelete-pr-tyg3hjynseqxco","type":"s3","assets_path":"auto_ml/cc4a562c-e213-47fb-9302-fc74c502e6b7/wml_data/a365a319-7b68-4546-be4b-8e9b4f04f37a/assets"},"type":"s3"},"training_data_references":[{"connection":{"endpoint_url":"https://s3.eu.cloud-object-storage.appdomain.cloud","auth_endpoint":"https://iam.bluemix.net/oidc/token/","api_key":"vD5HqLtr2k4pXouisD8--wfX2lcIUQeJhoBCV6Z7PnE7","secret_access_key":"d4efdf9b8ebb243b238fde304049d32051b522bb5595a0fc","access_key_id":"ec0a603f35b94f2f8cbd44e15857fa4a","service_instance_id":"iam-ServiceId-b66068ce-3707-4908-bb86-2e6f6b85659a"},"location":{"bucket":"modelbuilding-donotdelete-pr-tyg3hjynseqxco","path":"Guess_the_Platform_modified.csv","type":"s3"},"schema":{"fields":[{"name":"Age","type":"integer"},{"name":"How much do you pay for OTT platforms on monthly basis ?","type":"double"},{"name":"How much do you pay for TV on monthly basis ?","type":"double"},{"name":"Time_Spent","type":"double"},{"name":"Time_Spent_TV","type":"double"},{"name":"OTT during Lockdown","type":"double"},{"name":"OTT wins TV","type":"double"},{"name":"Full time working","type":"integer"},{"name":"Housewife","type":"integer"},{"name":"Part time working","type":"integer"},{"name":"Retired","type":"integer"},{"name":"Student","type":"integer"},{"name":"Unemployed","type":"integer"},{"name":"Central","type":"integer"},{"name":"Harbour","type":"integer"},{"name":"Western","type":"integer"},{"name":"Dish TV(Tata aky, Airtel, etc)","type":"integer"},{"name":"Don't watch","type":"integer"},{"name":"Local cable","type":"integer"},{"name":"mode","type":"integer"},{"name":"Affect","type":"integer"},{"name":"Platform_preffered","type":"other"}],"id":"auto_ai_kb_input_schema"},"type":"s3"}],"software_spec":{"base_id":"8c1a58c6-62b5-4dc4-987a-df751c2756b6","name":"hybrid_0.1"},"content_import_state":"completed"}},"attachments":[{"id":"17f0aca5-0937-472b-8dc9-f69d39c33925","version":2,"asset_type":"wml_model","name":"P3_automl.zip","datasource_type":"193a97c1-4475-4a19-b90c-295c4fdc6517","creator_id":"IBMid-550006MMAS","create_time":1632163717434,"size":82896,"is_remote":false,"is_managed":true,"is_referenced":false,"is_object_key_read_only":false,"is_user_provided_path_key":false,"transfer_complete":true,"is_partitioned":false,"complete_time_ticks":1632163718613,"user_data":{"content_format":"pipeline-node","pipeline_node_id":"automl"},"test_doc":0,"handle":{"bucket":"modelbuilding-donotdelete-pr-tyg3hjynseqxco","location":"eu-geo","type":"bluemix_cos","key":"ccdc353e-00c7-49ab-af98-6417f8189ec4/c91acaae-fa83-43a0-8977-f24164bf5be9/17f0aca5-0937-472b-8dc9-f69d39c33925","upload_id":"done","max_part_num":1},"usage":{"access_count":0,"last_accessor_id":"IBMid-550006MMAS","last_access_time":1632163717434}},{"id":"f1d7e7de-8d43-4a5d-b28f-a8310e4da045","version":2,"asset_type":"wml_model","name":"pipeline_model.json","datasource_type":"193a97c1-4475-4a19-b90c-295c4fdc6517","creator_id":"IBMid-550006MMAS","create_time":1632163719306,"size":2007,"is_remote":false,"is_managed":true,"is_referenced":false,"is_object_key_read_only":false,"is_user_provided_path_key":false,"transfer_complete":true,"is_partitioned":false,"complete_time_ticks":1632163720112,"user_data":{"content_format":"native"},"test_doc":0,"handle":{"bucket":"modelbuilding-donotdelete-pr-tyg3hjynseqxco","location":"eu-geo","type":"bluemix_cos","key":"ccdc353e-00c7-49ab-af98-6417f8189ec4/c91acaae-fa83-43a0-8977-f24164bf5be9/f1d7e7de-8d43-4a5d-b28f-a8310e4da045","upload_id":"done","max_part_num":1},"usage":{"access_count":0,"last_accessor_id":"IBMid-550006MMAS","last_access_time":1632163719306}}]}
