{"metadata":{"asset_id":"f64948a2-3ba4-45bd-82a7-1cb9e4e74e95","asset_attributes":["wml_pipeline"],"name":"Better_guess","asset_type":"wml_pipeline","created_at":"2021-09-20T18:43:40Z","description":"","origin_country":"us","owner_id":"IBMid-550006MMAS","project_id":"6b2d4e5f-7aac-4b1e-96df-14b8055cecf5","sandbox_id":"6b2d4e5f-7aac-4b1e-96df-14b8055cecf5","size":0,"tags":["dsx-project.6b2d4e5f-7aac-4b1e-96df-14b8055cecf5"],"usage":{"last_update_time":1632163420876,"last_updated_at":"2021-09-20T18:43:40Z"}},"entity":{"wml_pipeline":{"document":{"doc_type":"pipeline","pipelines":[{"id":"autoai","nodes":[{"id":"automl","op":"kube","parameters":{"output_logs":true,"input_file_separator":",","stage_flag":true,"optimization":{"compute_pipeline_notebooks_flag":true,"cv_num_folds":3,"daub_adaptive_subsampling_max_mem_usage":15000000000,"daub_include_only_estimators":["RandomForestClassifierEstimator","DecisionTreeClassifierEstimator","LogisticRegressionEstimator","ExtraTreesClassifierEstimator","XGBClassifierEstimator","LGBMClassifierEstimator","SnapDecisionTreeClassifierEstimator","SnapRandomForestClassifierEstimator","SnapLogisticRegressionEstimator","SnapSVMClassifierEstimator","GradientBoostingClassifierEstimator"],"holdout_param":0.1,"label":"Platform_preffered","learning_type":"classification","max_num_daub_ensembles":3,"run_cognito_flag":true,"scorer_for_ranking":"accuracy"},"n_parallel_data_connections":15,"one_vs_all_file":true},"runtime_ref":"autoai","type":"execution_node"}],"runtime_ref":"hybrid"}],"primary_pipeline":"autoai","runtimes":[{"app_data":{"wml_data":{"hardware_spec":{"base_id":"a6c4923b-b8e4-444c-9f43-8a7ec3020110","name":"L"}}},"id":"autoai","name":"auto_ai.kb"}],"version":"2.0"},"ml_version":"4.0.0"}}}
