{
  "1": [
    "machine-learning-stream.6073bc1c-61e8-4f5b-80ce-113746e224dd"
  ],
  "netflix_original_movie_data": [
    "data_asset.b5137db3-7500-4975-a924-f4664cc6b3f2"
  ],
  "amazon": [
    "data_asset.e6f02f13-5501-4b17-a959-eda4ef28f03d"
  ],
  "prime": [
    "data_asset.e6f02f13-5501-4b17-a959-eda4ef28f03d"
  ],
  "movies": [
    "data_asset.e6f02f13-5501-4b17-a959-eda4ef28f03d"
  ],
  "netflix_titles": [
    "data_asset.bc1348b9-9cd5-48a7-8596-f08fa01047fa"
  ],
  "flow": [
    "machine-learning-stream.6073bc1c-61e8-4f5b-80ce-113746e224dd"
  ],
  "ott_vs_tv": [
    "data_asset.51da06f3-2fae-47cd-83da-70ba71981861"
  ]
}