{
  "metadata": {
    "name": "netflix_original_movie_data.csv",
    "asset_type": "data_asset",
    "origin_country": "us",
    "created_at": "2021-07-24T12:27:40Z",
    "created": 1627129660772,
    "project_id": "ott-analysis-tool-zVKlGufH",
    "asset_id": "data_asset.b5137db3-7500-4975-a924-f4664cc6b3f2",
    "sandbox_id": "ott-analysis-tool-zVKlGufH",
    "last_modified": "2021-07-24T12:27:40Z",
    "asset_attributes": [
      "data_asset"
    ],
    "usage": {
      "last_update_time": 1627129660772,
      "last_updated_at": "2021-07-24T12:27:40Z"
    }
  },
  "entity": {
    "data_asset": {
      "dataset": false,
      "mime_type": "text/csv"
    }
  },
  "attachments": [
    {
      "asset_type": "data_asset",
      "name": "netflix_original_movie_data.csv",
      "mime": "text/csv",
      "object_key": "netflix_original_movie_data.csv",
      "object_key_is_read_only": true,
      "created_at": "2021-07-24T12:27:40Z",
      "id": "1a435bfe-7103-4383-8704-87d9db4b875a",
      "is_managed": false,
      "is_referenced": true,
      "is_remote": false
    }
  ]
}