{
  "metadata": {
    "name": "amazon prime movies.csv",
    "asset_type": "data_asset",
    "origin_country": "us",
    "created_at": "2021-07-24T12:27:40Z",
    "created": 1627129660792,
    "project_id": "ott-analysis-tool-zVKlGufH",
    "asset_id": "data_asset.e6f02f13-5501-4b17-a959-eda4ef28f03d",
    "sandbox_id": "ott-analysis-tool-zVKlGufH",
    "last_modified": "2021-07-24T12:27:40Z",
    "asset_attributes": [
      "data_asset"
    ],
    "usage": {
      "last_update_time": 1627129660792,
      "last_updated_at": "2021-07-24T12:27:40Z"
    }
  },
  "entity": {
    "data_asset": {
      "dataset": false,
      "mime_type": "text/csv"
    }
  },
  "attachments": [
    {
      "asset_type": "data_asset",
      "name": "amazon prime movies.csv",
      "mime": "text/csv",
      "object_key": "amazon prime movies.csv",
      "object_key_is_read_only": true,
      "created_at": "2021-07-24T12:27:40Z",
      "id": "265bcc12-34f8-426e-9b66-ce4fc9b5c5ed",
      "is_managed": false,
      "is_referenced": true,
      "is_remote": false
    }
  ]
}