{
  "metadata": {
    "name": "netflix_titles.csv",
    "asset_type": "data_asset",
    "origin_country": "us",
    "created_at": "2021-07-24T12:28:02Z",
    "created": 1627129682310,
    "project_id": "ott-analysis-tool-zVKlGufH",
    "asset_id": "data_asset.bc1348b9-9cd5-48a7-8596-f08fa01047fa",
    "sandbox_id": "ott-analysis-tool-zVKlGufH",
    "last_modified": "2021-07-24T12:28:02Z",
    "asset_attributes": [
      "data_asset"
    ],
    "usage": {
      "last_update_time": 1627129682310,
      "last_updated_at": "2021-07-24T12:28:02Z"
    }
  },
  "entity": {
    "data_asset": {
      "dataset": false,
      "mime_type": "text/csv"
    }
  },
  "attachments": [
    {
      "asset_type": "data_asset",
      "name": "netflix_titles.csv",
      "mime": "text/csv",
      "object_key": "netflix_titles.csv",
      "object_key_is_read_only": true,
      "created_at": "2021-07-24T12:28:02Z",
      "id": "312e001e-1c9d-4374-9950-87c69afdcc15",
      "is_managed": false,
      "is_referenced": true,
      "is_remote": false
    }
  ]
}