{
  "metadata": {
    "name": "OTT_VS_TV.csv",
    "asset_type": "data_asset",
    "origin_country": "us",
    "created_at": "2021-07-28T09:50:27Z",
    "created": 1627465827754,
    "project_id": "ott-analysis-tool-zVKlGufH",
    "asset_id": "data_asset.51da06f3-2fae-47cd-83da-70ba71981861",
    "sandbox_id": "ott-analysis-tool-zVKlGufH",
    "last_modified": "2021-07-28T09:50:27Z",
    "asset_attributes": [
      "data_asset"
    ],
    "usage": {
      "last_update_time": 1627465827755,
      "last_updated_at": "2021-07-28T09:50:27Z"
    }
  },
  "entity": {
    "data_asset": {
      "dataset": false,
      "mime_type": "text/csv"
    }
  },
  "attachments": [
    {
      "asset_type": "data_asset",
      "name": "OTT_VS_TV.csv",
      "mime": "text/csv",
      "object_key": "OTT_VS_TV.csv",
      "object_key_is_read_only": true,
      "created_at": "2021-07-28T09:50:27Z",
      "id": "5540568a-cd40-4d2f-a02f-c9a23ce65975",
      "is_managed": false,
      "is_referenced": true,
      "is_remote": false
    }
  ]
}