{
  "metadata": {
    "name": "Flow 1",
    "description": "Testing%20flow",
    "asset_type": "machine-learning-stream",
    "origin_country": "us",
    "created_at": "2021-07-24T12:33:39Z",
    "created": 1627130019332,
    "project_id": "ott-analysis-tool-zVKlGufH",
    "asset_id": "machine-learning-stream.6073bc1c-61e8-4f5b-80ce-113746e224dd",
    "sandbox_id": "ott-analysis-tool-zVKlGufH",
    "last_modified": "2021-08-31T15:29:55Z",
    "asset_attributes": [
      "machine-learning-stream",
      "machine-learning-canvas-flow"
    ],
    "usage": {
      "last_update_time": 1630423795880,
      "last_updated_at": "2021-08-31T15:29:55Z"
    }
  },
  "entity": {
    "machine-learning-stream": {
      "path": "/v1/ml-streams",
      "properties": {
        "runtime": "spss-modeler",
        "lock": {}
      },
      "flow_type": "spss"
    },
    "machine-learning-canvas-flow": {
      "properties": {}
    }
  },
  "attachments": [
    {
      "asset_type": "machine-learning-canvas-flow",
      "object_key_is_read_only": false,
      "object_key": "machine-learning-stream.6073bc1c-61e8-4f5b-80ce-113746e224dd",
      "user_data": {},
      "created_at": "2021-07-24T12:33:58Z",
      "id": "985e23f7-636e-4f54-a244-e2cc0bd5989a",
      "is_managed": false,
      "is_referenced": true,
      "is_remote": false
    }
  ]
}